id,name,closed_type,closed_at,created_at,closed_commission,status,total_inquiries,first_inquiry,last_inquiry,sba_status,launch_date,launch_strategy,launch_details,num_launch_periods,first_loi_date,last_loi_date,num_lois,days_on_market,days_under_loi,days_to_loi
5025,18-Year-old Catholic Products Website with 32% Sales Growth YOY,1,2022-07-18 07:56:25,2018-06-25 21:18:03,,sold,331,2021-02-03 14:57:52,2021-06-11 18:59:01,unknown,2021-02-03,surge_20_in_2days,"{'surge_start': '2021-02-03', 'surge_inquiries': 161, 'days_in_surge': 2, 'relaunch': False}",1,,,0,530,,
6875,Efficient Online Jewelry Business | 20 Year Track Record | No Experience Necessary | Low Multiple,0,,2016-08-26 02:54:22,,active,603,2024-01-25 02:33:48,2024-10-03 23:42:28,no,2024-01-31,surge_20_in_2days,"{'surge_start': '2024-01-31', 'surge_inquiries': 116, 'days_in_surge': 2, 'relaunch': False}",1,,,0,576,,
7499,High Margin Online Courses with Recurring Revenue | 66% Trial Conversion | $200 LTV,2,2022-07-18 07:56:25,2018-10-09 20:02:21,,lost,295,2019-04-02 17:17:13,2021-10-25 14:17:31,no,2021-09-10,surge_20_in_2days,"{'surge_start': '2021-09-10', 'surge_inquiries': 81, 'days_in_surge': 2, 'relaunch': True}",2,,,0,311,,
7559,"Seller Financing, Content / eCommerce Business, Home Improvement Vertical, Strong YOY Growth",2,2022-07-18 07:56:25,2019-01-08 07:43:11,,lost,382,2021-10-01 06:02:25,2022-01-14 12:31:31,no,2021-10-01,surge_20_in_2days,"{'surge_start': '2021-10-01', 'surge_inquiries': 151, 'days_in_surge': 2, 'relaunch': False}",1,,,0,290,,
9666,SBA Shopify Christian Products Brand | 53% Repeat Order Rate | $20M+ Lifetime Sales | High Margins,2,2025-02-18 19:36:03,2017-10-03 18:55:27,,lost,321,2024-10-31 23:05:11,2024-11-12 08:01:49,yes,2024-10-31,surge_20_in_2days,"{'surge_start': '2024-10-31', 'surge_inquiries': 200, 'days_in_surge': 2, 'relaunch': False}",1,,,0,110,,
11587,Amazon FBA Brand - Patented Products in Maternity and Wellness Niche with Growing YOY SDE,1,2022-07-18 07:56:25,2018-11-10 18:34:01,,sold,297,2021-01-27 00:45:38,2021-02-26 07:09:13,unknown,2021-01-27,surge_20_in_2days,"{'surge_start': '2021-01-27', 'surge_inquiries': 264, 'days_in_surge': 2, 'relaunch': False}",1,,,0,537,,
12034,Passive 13-Yr-Old B2B SaaS Business with 27% YoY Growth,1,2022-07-18 07:56:25,2020-10-24 01:03:05,,sold,296,2021-05-12 22:36:32,2021-06-25 08:15:10,no,2021-05-12,surge_20_in_2days,"{'surge_start': '2021-05-12', 'surge_inquiries': 181, 'days_in_surge': 2, 'relaunch': False}",1,,,0,432,,
13061,7-Year-Old Shopify Watch Accessory Brand | 33K Emails | $89K SDE,1,2023-04-27 20:45:02,2019-11-26 19:19:00,18700.0,sold,317,2022-11-18 03:35:18,2023-04-20 20:42:01,no,2022-11-28,surge_20_in_2days,"{'surge_start': '2022-11-28', 'surge_inquiries': 98, 'days_in_surge': 2, 'relaunch': False}",1,2023-03-28,2023-03-28,1,150,30.0,120.0
13990,SBA Prequalified | 7 Year-Old Blue-Collar Workwear Brand w/38% Net Margins | Growth Opportunities,1,2024-09-30 22:39:09,2019-08-12 13:12:03,305000.0,sold,574,2024-02-25 23:43:57,2024-09-30 17:54:47,yes,2024-02-25,surge_20_in_2days,"{'surge_start': '2024-02-25', 'surge_inquiries': 117, 'days_in_surge': 2, 'relaunch': False}",1,2024-03-11,2024-06-20,3,218,102.0,15.0
15012,Amazon FBA Water Bottle Accessories Business w/4 Design Patents | Wholesale Opportunities,2,2024-01-08 16:54:03,2019-09-23 14:49:40,,lost,295,2023-09-06 00:46:51,2024-01-08 15:23:53,no,2023-09-06,surge_20_in_2days,"{'surge_start': '2023-09-06', 'surge_inquiries': 122, 'days_in_surge': 2, 'relaunch': False}",1,,,0,124,,
15413,"Seller Financing Available: Solar & Renewable Energy, +17.1% YoY Earnings, Massive Industry Tailwind",2,2022-07-18 07:56:25,2018-07-10 15:02:58,,lost,433,2021-09-29 21:36:41,2022-01-26 16:04:29,no,2021-09-30,surge_20_in_2days,"{'surge_start': '2021-09-30', 'surge_inquiries': 27, 'days_in_surge': 2, 'relaunch': False}",1,,,0,291,,
16271,7-Year-Old Stripe Connect Membership Platform SaaS | Massive Market | Robust App Ready to Grow,2,2023-12-24 17:59:02,2019-06-06 22:14:06,,lost,365,2023-06-30 21:57:18,2023-12-24 04:38:49,no,2023-07-02,surge_20_in_2days,"{'surge_start': '2023-07-02', 'surge_inquiries': 58, 'days_in_surge': 2, 'relaunch': False}",1,2023-07-28,2023-11-03,2,175,51.0,26.0
16471,SAAS Bookkeeping with 88% Organic Traffic | 178% SDE Growth | New Revenue Stream Online Soon,1,2022-07-18 07:56:25,2019-10-24 13:13:01,,sold,314,2021-07-13 20:17:35,2021-11-03 15:46:46,unknown,2021-07-13,surge_20_in_2days,"{'surge_start': '2021-07-13', 'surge_inquiries': 174, 'days_in_surge': 2, 'relaunch': False}",1,,,0,370,,
16522,"Top-Rated Productivity SaaS with $40K MRR, 10K Customers and Low Churn",1,2022-07-18 07:56:25,2019-12-13 17:38:33,,sold,348,2021-03-17 17:45:45,2021-06-21 19:42:49,no,2021-03-17,surge_20_in_2days,"{'surge_start': '2021-03-17', 'surge_inquiries': 206, 'days_in_surge': 2, 'relaunch': False}",1,,,0,488,,
16878,Dropship Shopify Health Business | $1M+ Revenue | 35% SDE TTM Growth | U.S. Based Suppliers,1,2022-07-18 07:56:25,2019-10-30 21:26:30,,sold,667,2021-06-10 02:47:54,2021-11-21 06:20:04,no,2021-06-10,surge_20_in_2days,"{'surge_start': '2021-06-10', 'surge_inquiries': 142, 'days_in_surge': 2, 'relaunch': False}",1,2021-05-14,2021-05-14,4,403,430.0,
16914,Shopify Custom Products Business | US Manufacturing | Shark Tank Featured,1,2022-07-18 07:56:25,2019-11-13 00:53:04,,sold,854,2021-05-04 21:07:40,2022-02-22 22:31:08,no,2021-11-16,surge_20_in_2days,"{'surge_start': '2021-11-16', 'surge_inquiries': 23, 'days_in_surge': 2, 'relaunch': True}",2,2021-04-28,2021-04-28,9,244,446.0,
17312,"SaaS Biz, Senior Well-Being Niche - Passive - Growth Potential - YoY TTM Rev & SDE growth 19% & 21%",1,2022-10-01 04:08:02,2020-07-20 21:02:02,,sold,292,2022-06-25 10:21:47,2022-09-22 18:01:13,no,2022-06-26,surge_20_in_2days,"{'surge_start': '2022-06-26', 'surge_inquiries': 180, 'days_in_surge': 2, 'relaunch': False}",1,,,0,97,,
17516,5 yr Old Pool Access. Biz | 95% Amazon FBA | YOY Revenue +102% | COGS Decrease,1,2023-10-18 17:12:47,2020-11-21 19:19:38,15000.0,sold,456,2022-11-08 23:57:44,2023-10-10 14:36:30,no,2023-08-22,first_inquiry,"{'launch_date': '2023-08-22', 'total_inquiries': 10, 'relaunch': True}",2,2023-02-14,2023-07-03,2,57,107.0,
17542,"7 Year Old Arts And Crafts Subscription Business With 44 Courses and 2,500+ Paid Subscribers",1,2024-11-08 23:49:44,2020-11-26 13:57:09,40000.0,sold,475,2024-04-22 17:40:48,2024-11-08 22:13:58,no,2024-04-23,surge_20_in_2days,"{'surge_start': '2024-04-23', 'surge_inquiries': 138, 'days_in_surge': 2, 'relaunch': False}",1,2024-05-03,2024-09-03,4,199,66.0,10.0
17700,SBA-Eligible: Leading Amazon FBA Outdoor & Survival Brand w/ Triple Digit Growth,1,2022-07-18 07:56:25,2020-12-08 17:57:09,,sold,300,2021-01-06 12:22:14,2021-02-15 16:20:36,yes,2021-01-06,surge_20_in_2days,"{'surge_start': '2021-01-06', 'surge_inquiries': 175, 'days_in_surge': 2, 'relaunch': False}",1,,,0,558,,
17818,SBA Pre-Qualified SAAS Business | 95% Client Retention | Growing 69% YOY | Amazing Growth Potential,1,2022-07-18 07:56:25,2020-12-21 20:00:03,,sold,388,2021-04-14 17:42:03,2021-06-29 02:42:25,yes,2021-04-14,surge_20_in_2days,"{'surge_start': '2021-04-14', 'surge_inquiries': 226, 'days_in_surge': 2, 'relaunch': False}",1,,,0,460,,
17904,Highly Profitable Content Site - Health & Fitness Niche - 1.25X Multiple - Not distressed,0,,2021-01-02 16:30:03,,active,602,2021-04-02 19:44:17,2021-06-23 19:34:50,no,2021-04-03,surge_20_in_2days,"{'surge_start': '2021-04-03', 'surge_inquiries': 32, 'days_in_surge': 2, 'relaunch': False}",1,,,0,1609,,
17923,"Shopify Private Label Brand - Industry Leader Arts/Crafts - 900K Emails, 344K Unique Vis/Mth - 1.75X",2,2022-12-15 00:55:01,2021-01-04 15:20:03,,lost,639,2021-08-24 21:35:09,2022-07-19 19:03:03,no,2021-08-26,surge_20_in_2days,"{'surge_start': '2021-08-26', 'surge_inquiries': 105, 'days_in_surge': 2, 'relaunch': False}",1,,,0,476,,
17938,Distressed Listing: Health Supplement with Massive Sales Selling at 1x Multiple,1,2022-07-18 07:56:25,2021-01-07 20:06:49,,sold,304,2021-01-12 23:01:02,2021-03-22 17:33:41,no,2021-01-12,surge_20_in_2days,"{'surge_start': '2021-01-12', 'surge_inquiries': 170, 'days_in_surge': 2, 'relaunch': False}",1,,,0,552,,
18001,"2 Year Old, Highly Profitable Content Site -  Home & Kitchen Niche - Over 100K Unique Visitors/mth",0,,2021-01-14 17:44:29,,active,369,2021-02-03 07:41:56,2021-04-01 18:49:05,no,2021-02-03,surge_20_in_2days,"{'surge_start': '2021-02-03', 'surge_inquiries': 220, 'days_in_surge': 2, 'relaunch': False}",1,,,0,1668,,
18011,Sustainable Shopify Kitchen & Dining | 84% Gross Margins | $1M+ TTM Revenue | 825K+ Followers,2,2024-06-26 03:56:02,2021-01-15 21:40:03,,lost,383,2023-06-25 21:28:10,2023-08-29 17:51:22,no,2023-06-26,surge_20_in_2days,"{'surge_start': '2023-06-26', 'surge_inquiries': 103, 'days_in_surge': 2, 'relaunch': False}",1,,,0,366,,
18025,"Fast-growth Shopify Brand, Popular Wellness Category - $1.14MM SDE - Large Growth Opportunity, 2.85X",0,,2021-01-18 01:20:03,,active,305,2021-04-13 15:09:59,2021-08-23 13:18:12,no,2021-04-15,surge_20_in_2days,"{'surge_start': '2021-04-15', 'surge_inquiries': 107, 'days_in_surge': 2, 'relaunch': False}",1,,,0,1597,,
18078,6 Year-Old Subscription-Based Business With Low Workload and Strong Margins,1,2022-07-18 07:56:25,2021-01-22 21:50:02,,sold,415,2021-04-19 18:33:13,2021-05-20 14:34:25,unknown,2021-04-19,surge_20_in_2days,"{'surge_start': '2021-04-19', 'surge_inquiries': 351, 'days_in_surge': 2, 'relaunch': False}",1,,,0,455,,
18096,10-Year-Old Grilling Amazon Business | 19% Revenue Growth | Wholesale Relationship | Low Workload,1,2025-06-28 12:46:08,2021-01-25 16:28:13,40000.0,sold,370,2025-01-26 17:24:59,2025-06-24 17:34:01,no,2025-01-27,surge_20_in_2days,"{'surge_start': '2025-01-27', 'surge_inquiries': 132, 'days_in_surge': 2, 'relaunch': False}",1,2025-05-23,2025-06-13,2,152,15.0,116.0
18099,Easy to Operate 3-SKU FBA Business with Untapped Potential,1,2022-07-18 07:56:25,2020-12-11 14:27:47,,sold,453,2021-03-18 18:43:19,2021-05-10 14:25:33,unknown,2021-03-18,surge_20_in_2days,"{'surge_start': '2021-03-18', 'surge_inquiries': 278, 'days_in_surge': 2, 'relaunch': False}",1,,,0,487,,
18107,SBA Pre-Qualified Virtual Team Building Business | $526k of SDE on $660k in Revenue | 2.1x Multiple,1,2022-07-18 07:56:25,2021-01-26 01:50:04,,sold,304,2021-05-18 06:07:03,2021-12-06 05:27:21,yes,2021-05-18,surge_20_in_2days,"{'surge_start': '2021-05-18', 'surge_inquiries': 182, 'days_in_surge': 2, 'relaunch': False}",1,,,0,426,,
18124,SBA Pre-Qualified E-Com Biz | $1m+ Rev on $0 Ad Spend | Opps to Modernize 25 Year Old Biz,1,2022-07-18 07:56:25,2021-01-27 03:50:03,,sold,519,2021-05-03 19:47:31,2021-08-18 05:32:02,yes,2021-05-03,surge_20_in_2days,"{'surge_start': '2021-05-03', 'surge_inquiries': 339, 'days_in_surge': 2, 'relaunch': False}",1,,,0,441,,
18318,20+ Year Old Online Courses Portfolio (Recurring Revenue & Best Domain Name),1,2022-07-18 07:56:25,2021-01-21 23:46:38,,sold,276,2021-02-09 03:21:46,2021-05-31 16:03:16,no,2021-02-09,surge_20_in_2days,"{'surge_start': '2021-02-09', 'surge_inquiries': 23, 'days_in_surge': 2, 'relaunch': False}",1,,,0,524,,
18320,Dropship Shopify Site - Distressed with Immediate Upside - 1X Multiple - Womens' Clothing & Access.,2,2022-07-18 07:56:25,2019-03-12 18:19:21,,lost,775,2021-04-01 19:29:31,2022-05-14 03:09:48,no,2021-04-01,surge_20_in_2days,"{'surge_start': '2021-04-01', 'surge_inquiries': 44, 'days_in_surge': 2, 'relaunch': False}",1,,,0,473,,
18370,Amazon FBA Business |105% YOY |Patent Approval on Track |Primarily Fitness Market |Strong Up-Side,1,2022-07-18 07:56:25,2021-01-31 06:10:03,,sold,329,2021-04-07 19:49:06,2021-06-22 03:51:28,partial,2021-04-07,surge_20_in_2days,"{'surge_start': '2021-04-07', 'surge_inquiries': 76, 'days_in_surge': 2, 'relaunch': False}",1,,,0,467,,
18449,5-Year-Old eCommerce Brand | Untapped Sales Channels | $378k SDE,2,2022-07-18 07:56:25,2021-02-09 15:25:40,,lost,379,2021-05-19 12:46:04,2021-08-27 20:21:12,unknown,2021-05-19,surge_20_in_2days,"{'surge_start': '2021-05-19', 'surge_inquiries': 92, 'days_in_surge': 2, 'relaunch': False}",1,,,0,425,,
18546,"7-Yr-Old Amazon FBA Home & Kitchen Business - Strong YoY Growth and 12,000+ 4.5 Star Reviews",1,2022-07-18 07:56:25,2021-02-20 15:32:24,,sold,363,2021-03-23 18:45:59,2021-06-18 13:04:34,no,2021-03-23,surge_20_in_2days,"{'surge_start': '2021-03-23', 'surge_inquiries': 112, 'days_in_surge': 2, 'relaunch': False}",1,,,0,482,,
18638,10-Year-Old Passive Evergreen Course Business | $149k SDE | Massive Opportunities for Growth,2,2022-07-18 07:56:25,2021-03-01 20:30:53,,lost,628,2021-07-13 12:58:56,2021-11-23 17:31:18,no,2021-07-13,surge_20_in_2days,"{'surge_start': '2021-07-13', 'surge_inquiries': 278, 'days_in_surge': 2, 'relaunch': False}",1,,,0,370,,
18639,"Fast Growing Dropship Wellness Brand w/ Passive Income, Low Overhead, and Turn-Key Model",2,2022-07-18 07:56:25,2021-02-23 15:28:06,,lost,307,2021-03-02 00:15:26,2021-05-12 00:31:23,no,2021-03-02,surge_20_in_2days,"{'surge_start': '2021-03-02', 'surge_inquiries': 190, 'days_in_surge': 2, 'relaunch': False}",1,,,0,503,,
18699,Fast-Growing Amazon FBA Business with 3 SKU's + Built-In Growth,1,2022-07-18 07:56:25,2021-03-09 15:26:03,,sold,352,2021-03-30 16:01:57,2021-05-16 00:09:41,no,2021-03-30,surge_20_in_2days,"{'surge_start': '2021-03-30', 'surge_inquiries': 237, 'days_in_surge': 2, 'relaunch': False}",1,,,0,475,,
18710,"Seasoned eCommerce Dropship Sites, 19 Years in Home Furnishings",2,2022-07-18 07:56:25,2021-02-24 16:35:12,,lost,499,2021-03-18 19:58:46,2021-07-29 16:20:24,no,2021-03-22,surge_20_in_2days,"{'surge_start': '2021-03-22', 'surge_inquiries': 142, 'days_in_surge': 2, 'relaunch': False}",1,,,0,483,,
19050,Blissbury: Premium Sleep-Support FBA Brand | 50%+ Growth | 10K+ Reviews | 76% Gross Margins,0,,2021-04-19 14:44:38,,active,346,2023-02-03 07:04:19,2023-08-07 22:11:26,no,2023-02-03,surge_20_in_2days,"{'surge_start': '2023-02-03', 'surge_inquiries': 122, 'days_in_surge': 2, 'relaunch': False}",1,,,0,938,,
19095,Low Priced Amazon Electronic Accessories | 2.2x multiple | $260k+ SDE,2,2025-01-07 23:36:02,2021-04-23 19:06:03,,lost,302,2021-10-18 02:45:31,2022-01-13 04:10:38,no,2021-10-18,surge_20_in_2days,"{'surge_start': '2021-10-18', 'surge_inquiries': 109, 'days_in_surge': 2, 'relaunch': False}",1,,,0,1177,,
19120,SBA Pre-Qualified Health & Fitness Content Site | 100%+ Rev and SDE Growth | 2.5M+ TTM Page Views,0,,2021-04-27 18:21:03,,active,738,2021-05-21 13:30:07,2024-05-20 19:26:49,yes,2024-01-23,surge_20_in_2days,"{'surge_start': '2024-01-23', 'surge_inquiries': 167, 'days_in_surge': 2, 'relaunch': True}",2,,,0,584,,
19170,SBA Pre Qualified - 8-Year-Old Women’s Boutique - $670K SDE w/ Only $55k Ad Spend,1,2022-09-07 00:50:02,2021-05-04 20:58:03,,sold,489,2021-07-28 18:01:01,2022-08-30 10:46:29,yes,2022-01-13,surge_20_in_2days,"{'surge_start': '2022-01-13', 'surge_inquiries': 96, 'days_in_surge': 2, 'relaunch': True}",2,,,0,237,,
19223,"Amazon FBA Supplements | 12% YOY SDE Growth | Ph.D. Formulated Unique Products | 1,000+ Reviews",2,2025-01-20 16:13:03,2021-05-10 22:41:03,,lost,457,2021-05-28 17:45:57,2022-01-12 04:18:57,no,2021-05-31,surge_20_in_2days,"{'surge_start': '2021-05-31', 'surge_inquiries': 103, 'days_in_surge': 2, 'relaunch': False}",1,,,0,1330,,
19224,SBA Pre-Qualified 19-Year-Old Automotive Parts Brand | Diversified Revenue | 5% YoY SDE Growth,1,2024-09-27 14:58:02,2021-05-10 23:42:03,215000.0,sold,543,2021-06-28 15:45:06,2024-09-26 13:28:17,yes,2024-04-09,surge_20_in_2days,"{'surge_start': '2024-04-09', 'surge_inquiries': 95, 'days_in_surge': 2, 'relaunch': True}",2,2024-05-07,2024-05-07,2,171,143.0,28.0
19258,"Established Bicycle Manufacturer with 45.8% Growth, Repeat Revenue, & Celebrated Brand",2,2024-01-04 21:38:03,2021-05-13 22:24:01,,lost,404,2022-02-23 16:40:22,2022-08-20 01:18:46,yes,2022-02-24,surge_20_in_2days,"{'surge_start': '2022-02-24', 'surge_inquiries': 21, 'days_in_surge': 2, 'relaunch': False}",1,,,0,679,,
19332,Passive Amazon FBA Goal Planner Business | 12% TTM Revenue Growth with Little Work and No Ad Spend,1,2022-07-18 07:56:25,2021-05-21 20:37:03,,sold,284,2021-06-17 03:28:38,2021-08-18 19:22:37,no,2021-06-17,surge_20_in_2days,"{'surge_start': '2021-06-17', 'surge_inquiries': 155, 'days_in_surge': 2, 'relaunch': False}",1,2021-06-04,2021-11-11,6,396,249.0,
19374,Content Site in Mobile Gaming Niche | 7.8m Sessions & 3.3m Users in Past Year | Low Multiple,1,2022-07-18 07:56:25,2021-05-25 09:18:03,,sold,416,2021-06-14 01:48:20,2021-08-11 18:55:56,no,2021-06-14,surge_20_in_2days,"{'surge_start': '2021-06-14', 'surge_inquiries': 104, 'days_in_surge': 2, 'relaunch': False}",1,,,0,399,,
19396,16 Year-Old Dropship Site w/ Significant Organic Sales | 47% YOY Sales Growth & 58% YOY SDE Growth,1,2022-07-18 07:56:25,2021-05-26 22:47:03,,sold,402,2021-09-20 19:43:55,2021-12-22 23:21:05,no,2021-12-22,first_inquiry,"{'launch_date': '2021-12-22', 'total_inquiries': 1, 'relaunch': True}",2,,,0,208,,
19437,Low Priced Amazon FBA Business | 328% TTM SDE Growth | 2x Multiple | Passive,1,2022-07-18 07:56:25,2021-05-30 02:59:03,,sold,599,2021-06-22 16:13:34,2021-10-24 11:50:21,no,2021-06-22,surge_20_in_2days,"{'surge_start': '2021-06-22', 'surge_inquiries': 154, 'days_in_surge': 2, 'relaunch': False}",1,2021-06-11,2021-06-11,1,391,402.0,
19678,"SBA PreQualified 5-Year-Old FBA Business with over 10,000 4.4-Star Avg Reviews",0,,2021-06-22 18:25:04,,active,314,2021-10-19 16:38:35,2022-02-09 13:19:46,no,2021-10-19,surge_20_in_2days,"{'surge_start': '2021-10-19', 'surge_inquiries': 132, 'days_in_surge': 2, 'relaunch': False}",1,,,0,1410,,
19796,"Athletic Massage Guns: 92.1% AVG Growth, Celebrated Brand, High 27% Net Profits",1,2023-05-24 01:05:02,2021-07-01 21:25:48,199440.0,sold,418,2021-08-14 15:12:11,2023-05-19 15:34:58,unknown,2023-01-18,surge_20_in_2days,"{'surge_start': '2023-01-18', 'surge_inquiries': 100, 'days_in_surge': 2, 'relaunch': True}",2,2023-02-02,2023-02-02,1,126,111.0,15.0
19838,20+ Year Old Supplement Business | $2.9M+ SDE | 100% Amazon Rating,0,,2021-07-08 21:40:06,,active,844,2021-11-11 21:38:36,2024-02-01 20:49:46,unknown,2021-11-11,surge_20_in_2days,"{'surge_start': '2021-11-11', 'surge_inquiries': 67, 'days_in_surge': 2, 'relaunch': False}",1,2023-03-06,2023-10-06,2,1387,,
19841,Motivated to Sell | 1.95x Multiple | High TTM Rev/SDE Growth | Amazon FBA Bags | 80%+ Gross Margins,1,2022-07-18 07:56:25,2021-07-09 18:13:40,,sold,354,2022-04-22 14:45:12,2022-06-20 20:43:07,no,2022-04-22,surge_20_in_2days,"{'surge_start': '2022-04-22', 'surge_inquiries': 94, 'days_in_surge': 2, 'relaunch': False}",1,2022-04-17,2022-04-17,3,87,92.0,
19845,SBA Pre-Qualified: B2B SaaS w/ 17.8% Earnings Growth and 12 Yr History,1,2022-11-08 15:21:01,2021-07-14 21:56:52,,sold,405,2022-07-01 16:04:35,2022-10-27 20:30:57,yes,2022-07-04,surge_20_in_2days,"{'surge_start': '2022-07-04', 'surge_inquiries': 172, 'days_in_surge': 2, 'relaunch': False}",1,,,0,127,,
19907,Dog Product Content Site - 3rd Party Financing - 3.5 Years Old - Ad & Affiliate Revenue - 2.7X,1,2022-07-18 07:56:25,2021-07-20 00:16:33,,sold,877,2021-08-07 03:38:41,2022-02-19 20:41:24,no,2021-08-10,surge_20_in_2days,"{'surge_start': '2021-08-10', 'surge_inquiries': 151, 'days_in_surge': 2, 'relaunch': False}",1,,,0,342,,
19908,3 Content Sites - Available as Package or Individually - 107% Revenue & 121% SDE YoY growth - 1.92X,1,2022-07-18 07:56:25,2021-07-20 00:19:25,,sold,710,2021-08-10 14:27:14,2022-03-14 14:44:04,no,2021-08-12,surge_20_in_2days,"{'surge_start': '2021-08-12', 'surge_inquiries': 111, 'days_in_surge': 2, 'relaunch': False}",1,,,0,340,,
19940,Low Priced Custom Products Shopify Business | $2M+ TTM Revenue | $400k+ TTM SDE | 80% Digital Orders,1,2022-07-18 07:56:25,2021-07-21 17:29:03,,sold,418,2021-09-14 16:35:03,2021-12-09 08:35:39,no,2021-09-14,surge_20_in_2days,"{'surge_start': '2021-09-14', 'surge_inquiries': 120, 'days_in_surge': 2, 'relaunch': False}",1,2021-09-07,2021-09-07,5,307,314.0,
20127,Board Blazers - High Margin 9+ Year Old FBA Biz | Over 3k+ Reviews | Seller Financing,1,2022-10-06 17:10:02,2021-08-09 16:50:04,,sold,493,2021-09-15 19:15:03,2022-10-05 20:43:02,unknown,2022-08-02,surge_20_in_2days,"{'surge_start': '2022-08-02', 'surge_inquiries': 87, 'days_in_surge': 2, 'relaunch': True}",2,2022-09-02,2023-02-10,3,65,,31.0
20272,FBA Resale Biz | 1.28x Multiple | Great Growth | 100% Seller Rating TTM,2,2022-07-18 07:56:25,2021-08-24 13:18:14,,lost,432,2021-11-21 18:45:17,2022-05-18 15:00:19,unknown,2021-11-21,surge_20_in_2days,"{'surge_start': '2021-11-21', 'surge_inquiries': 47, 'days_in_surge': 2, 'relaunch': False}",1,,,0,239,,
20294,7-Yr-Old Parenting Site | 136k Following | $160k SDE | 5-7 Hr Work Week,0,,2021-08-25 20:19:04,,active,280,2024-02-01 22:51:56,2024-12-06 07:36:17,unknown,2024-02-04,surge_20_in_2days,"{'surge_start': '2024-02-04', 'surge_inquiries': 70, 'days_in_surge': 2, 'relaunch': False}",1,2024-02-15,2024-02-15,1,572,,
20395,Amazon Skincare Line | High Margins | Unique Formulations,1,2023-04-06 00:28:02,2021-09-03 16:15:03,,sold,433,2022-07-05 02:25:29,2023-04-03 14:15:46,no,2022-07-05,surge_20_in_2days,"{'surge_start': '2022-07-05', 'surge_inquiries': 104, 'days_in_surge': 2, 'relaunch': False}",1,,,0,275,,
20398,Amazon FBA Biz w/ Differentiated Hero ASIN | Growth Potential w/ More Involved Owner | Great Reviews,1,2022-07-18 07:56:25,2021-09-03 20:16:03,,sold,290,2021-09-26 18:19:05,2021-11-10 14:12:30,no,2021-09-27,surge_20_in_2days,"{'surge_start': '2021-09-27', 'surge_inquiries': 181, 'days_in_surge': 2, 'relaunch': False}",1,,,0,294,,
20427,Health and Wellness Amazon Business | Price Reduced | 2.6x Multiple | $250k TTM SDE,1,2022-07-18 07:56:25,2021-09-07 18:57:04,,sold,839,2021-09-20 05:26:22,2022-04-29 16:12:02,no,2021-09-20,surge_20_in_2days,"{'surge_start': '2021-09-20', 'surge_inquiries': 79, 'days_in_surge': 2, 'relaunch': False}",1,2021-09-16,2021-09-16,5,301,305.0,
20575,11-Year-Old Established FBA Supplement Business,0,,2021-09-11 18:08:21,,active,375,2021-09-27 18:28:10,2022-02-16 17:51:18,unknown,2021-09-27,surge_20_in_2days,"{'surge_start': '2021-09-27', 'surge_inquiries': 104, 'days_in_surge': 2, 'relaunch': False}",1,,,0,1432,,
20580,General Health and CBD Content Site | $1.3M TTM SDE | 500%+ Traffic and SDE Growth,2,2025-01-20 16:34:05,2021-09-22 12:54:09,,lost,324,2021-10-26 20:43:08,2022-02-11 17:20:54,no,2021-10-26,surge_20_in_2days,"{'surge_start': '2021-10-26', 'surge_inquiries': 121, 'days_in_surge': 2, 'relaunch': False}",1,,,0,1182,,
20588,75% Finaceable | $120k+ TTM SDE | Amazon FBA Kitchen Products | 41% TTM Revenue Growth,1,2022-07-18 07:56:25,2021-09-22 19:28:04,,sold,444,2021-10-13 15:12:52,2021-12-09 08:32:45,no,2021-10-13,surge_20_in_2days,"{'surge_start': '2021-10-13', 'surge_inquiries': 158, 'days_in_surge': 2, 'relaunch': False}",1,2021-10-05,2021-10-05,1,278,286.0,
20634,Amazon FBA Health and Fitness Brand,1,2022-08-12 21:30:02,2021-09-27 09:46:10,,sold,952,2021-10-27 15:38:46,2022-07-19 07:57:57,no,2021-10-28,surge_20_in_2days,"{'surge_start': '2021-10-28', 'surge_inquiries': 102, 'days_in_surge': 2, 'relaunch': False}",1,2021-10-15,2021-10-15,8,288,301.0,
20667,Motivated Seller | 1.4x Multiple | Content Site Portfolio | $1M+ TTM SDE | 194% SDE Growth,1,2022-07-18 07:56:25,2021-09-28 17:18:25,,sold,601,2022-01-18 03:11:06,2022-06-23 17:59:29,no,2022-01-18,surge_20_in_2days,"{'surge_start': '2022-01-18', 'surge_inquiries': 95, 'days_in_surge': 2, 'relaunch': False}",1,2022-01-05,2022-01-05,3,181,194.0,
20684,SBA Pre-Qualified | Education Vertical Subscription | SaaS and Subscription Business,1,2023-02-14 19:04:02,2021-09-29 22:16:46,75000.0,sold,911,2021-11-28 20:34:09,2022-12-09 20:05:52,yes,2022-08-01,surge_20_in_2days,"{'surge_start': '2022-08-01', 'surge_inquiries': 209, 'days_in_surge': 2, 'relaunch': True}",2,2022-12-05,2022-12-05,1,197,71.0,126.0
20767,"Amazon FBA Outdoor Brand | Solid Margins | 2,400 Reviews | 3 SKUs | Product Expansion Potential",1,2022-12-10 02:12:01,2021-10-05 18:11:52,,sold,759,2022-01-17 00:49:01,2022-12-09 04:08:14,no,2022-01-17,surge_20_in_2days,"{'surge_start': '2022-01-17', 'surge_inquiries': 183, 'days_in_surge': 2, 'relaunch': False}",1,2022-12-01,2023-12-01,6,327,,318.0
20815,Quick Sale Opportunity | Below 1x Multiple | Esoteric Digital Products Business | Established Team,0,,2021-10-08 18:47:04,,active,656,2025-05-18 16:42:31,2025-08-28 18:34:51,no,2025-05-18,surge_20_in_2days,"{'surge_start': '2025-05-18', 'surge_inquiries': 114, 'days_in_surge': 2, 'relaunch': False}",1,,,0,103,,
21009,Amazon SAAS Company | 2.1x Multiple | No Active Marketing | Value Add Buyer Desired,1,2022-07-22 21:47:03,2021-10-24 22:57:10,,sold,621,2022-03-14 23:41:07,2022-07-16 20:52:06,no,2022-03-14,surge_20_in_2days,"{'surge_start': '2022-03-14', 'surge_inquiries': 81, 'days_in_surge': 2, 'relaunch': False}",1,2021-11-21,2021-11-21,3,130,243.0,
21049,"SBA Pre Qualified: 4,000+ Course Membership Business With 83% Recurring Revenue 155% YoY SDE Growth",1,2024-02-23 06:49:10,2021-10-28 06:42:41,275000.0,sold,455,2023-09-03 02:14:56,2024-02-23 04:12:01,yes,2023-09-03,surge_20_in_2days,"{'surge_start': '2023-09-03', 'surge_inquiries': 21, 'days_in_surge': 2, 'relaunch': False}",1,2023-09-12,2023-09-26,5,173,150.0,9.0
21397,8 Yr Old Home & Kitchen E-Comm Business | 51% Repeat Orders | 10% YoY Revenue Growth | Strong Brand,1,2023-02-03 18:32:01,2021-12-02 19:24:04,88900.0,sold,321,2022-08-01 18:16:40,2023-02-02 09:25:10,no,2022-08-01,surge_20_in_2days,"{'surge_start': '2022-08-01', 'surge_inquiries': 94, 'days_in_surge': 2, 'relaunch': False}",1,2022-10-05,2022-10-05,1,186,121.0,65.0
21413,SBA Pre Qualified | Health & Wellness DTC | 80% Gross Profit | Exploding Niche,1,2022-07-18 07:56:25,2021-12-04 03:27:30,,sold,497,2022-01-22 03:06:22,2022-03-15 20:28:42,unknown,2022-01-22,surge_20_in_2days,"{'surge_start': '2022-01-22', 'surge_inquiries': 98, 'days_in_surge': 2, 'relaunch': False}",1,,,0,177,,
21790,"14 Yr-Old Financial Investment Tracking SaaS Business, Consistent Growth, Strong Recurring Revenue",1,2022-07-18 07:56:25,2022-01-11 02:12:04,,sold,278,2022-02-23 14:55:34,2022-04-05 20:23:35,yes,2022-02-23,surge_20_in_2days,"{'surge_start': '2022-02-23', 'surge_inquiries': 215, 'days_in_surge': 2, 'relaunch': False}",1,,,0,145,,
21809,4 Year Old Party Access. Biz | +46% YoY Rev | Brand Registered | Owner Financing,1,2023-08-29 20:10:25,2022-01-11 19:01:31,40822.0,sold,431,2022-05-19 13:39:16,2023-07-03 03:48:08,unknown,2022-05-19,surge_20_in_2days,"{'surge_start': '2022-05-19', 'surge_inquiries': 50, 'days_in_surge': 2, 'relaunch': False}",1,2023-06-15,2023-06-15,1,467,75.0,392.0
21821,Turnaround Opportunity in the Pet Niche | Amazon FBA | 2.1x Multiple,1,2022-10-26 15:41:01,2022-01-12 14:07:04,,sold,286,2022-08-13 15:26:04,2022-10-17 19:12:32,no,2022-08-14,surge_20_in_2days,"{'surge_start': '2022-08-14', 'surge_inquiries': 163, 'days_in_surge': 2, 'relaunch': False}",1,,,0,73,,
21876,"4-Year-Old Shopify, FBA, & Wholesale Pilates Towel Business with Patented Product",2,2023-04-09 03:11:07,2022-01-17 15:24:09,,lost,298,2023-01-07 20:18:51,2023-04-08 12:58:57,no,2023-01-09,surge_20_in_2days,"{'surge_start': '2023-01-09', 'surge_inquiries': 78, 'days_in_surge': 2, 'relaunch': False}",1,,,0,90,,
21899,FBA Automotive Touchscreen Protectors and Accessories | Thousands of 5-Star Reviews,2,2024-01-13 02:16:03,2022-01-18 20:46:34,,lost,333,2022-09-20 18:06:43,2023-09-08 16:42:53,yes,2023-07-04,surge_20_in_2days,"{'surge_start': '2023-07-04', 'surge_inquiries': 44, 'days_in_surge': 2, 'relaunch': True}",2,2022-09-26,2023-09-06,4,193,129.0,
21930,19-Year-Old Ecommerce Surfing Accessories Business | Premium Domain Name | Low Workload,1,2025-06-13 14:15:34,2022-01-20 15:53:05,100000.0,sold,310,2025-02-16 18:13:58,2025-06-10 20:24:58,no,2025-02-18,surge_20_in_2days,"{'surge_start': '2025-02-18', 'surge_inquiries': 135, 'days_in_surge': 2, 'relaunch': False}",1,2025-03-26,2025-04-10,3,115,64.0,36.0
21934,10 Year Old Art Supply Subscription Box Business w/ Loyal Community and Diversified Traffic,0,,2022-01-20 16:55:05,,active,296,2023-03-28 22:28:45,2023-08-01 00:56:02,no,2023-03-28,surge_20_in_2days,"{'surge_start': '2023-03-28', 'surge_inquiries': 133, 'days_in_surge': 2, 'relaunch': False}",1,,,0,885,,
22082,4-Year-Old Food Blog | 416 Posts | Low Workload | Large Social Following,1,2024-03-13 12:49:11,2022-01-27 20:16:57,35000.0,sold,624,2023-04-26 15:01:03,2024-03-12 23:23:37,no,2023-04-26,surge_20_in_2days,"{'surge_start': '2023-04-26', 'surge_inquiries': 84, 'days_in_surge': 2, 'relaunch': False}",1,2024-02-29,2025-05-15,2,322,,309.0
22301,13-Year-Old Unique Amazon FBA Special Effects Lighting Products,2,2024-09-27 20:07:02,2022-02-03 01:27:03,,lost,326,2022-03-29 03:40:25,2024-09-25 17:48:40,no,2024-07-22,surge_20_in_2days,"{'surge_start': '2024-07-22', 'surge_inquiries': 32, 'days_in_surge': 2, 'relaunch': True}",2,,,0,67,,
22437,"SBA Pre-Qual | 8 Yr Old Reputable SaaS Portfolio, High Barrier to Entry, Passive,  2.3M+ Users",1,2023-09-13 15:51:38,2022-02-14 21:52:38,322578.0,sold,1044,2022-05-16 22:03:42,2023-09-03 11:01:06,yes,2022-05-16,surge_20_in_2days,"{'surge_start': '2022-05-16', 'surge_inquiries': 71, 'days_in_surge': 2, 'relaunch': False}",1,2023-07-25,2023-09-06,5,485,7.0,435.0
22520,Growing Custom Artwork Shopify Business | 81% Digital Orders | 4k+ Reviews | 2.0x Multiple,0,,2022-02-21 16:53:55,,active,513,2022-06-14 16:33:54,2022-11-29 19:46:42,no,2022-06-14,surge_20_in_2days,"{'surge_start': '2022-06-14', 'surge_inquiries': 116, 'days_in_surge': 2, 'relaunch': False}",1,,,0,1172,,
22559,1-Year Old FBA Hero Sku | Provisional Patent,1,2022-07-18 07:56:25,2022-02-24 03:16:27,,sold,331,2022-04-14 07:16:46,2022-05-11 03:15:36,no,2022-04-14,surge_20_in_2days,"{'surge_start': '2022-04-14', 'surge_inquiries': 286, 'days_in_surge': 2, 'relaunch': False}",1,,,0,95,,
22599,"Distressed - Ecommerce, Dropship, Print-On-Demand - Patriotic T-Shirts - $36K TTM SDE",1,2022-09-02 19:17:02,2022-02-27 19:00:06,,sold,445,2022-05-11 08:23:57,2022-09-02 00:03:48,no,2022-05-12,surge_20_in_2days,"{'surge_start': '2022-05-12', 'surge_inquiries': 104, 'days_in_surge': 2, 'relaunch': False}",1,,,0,113,,
22680,Turn Around E-Com Supplement Brand | 1x Multiple,1,2022-07-18 07:56:25,2022-03-07 02:31:06,,sold,327,2022-04-12 17:41:07,2022-06-07 22:27:37,no,2022-04-12,surge_20_in_2days,"{'surge_start': '2022-04-12', 'surge_inquiries': 226, 'days_in_surge': 2, 'relaunch': False}",1,,,0,97,,
22692,Amazon FBA Business in Home Goods w/Great Margins and Expansion Opportunities,2,2024-04-11 20:21:02,2022-03-08 12:49:06,,lost,350,2022-03-29 22:56:00,2022-08-31 03:10:52,no,2022-03-29,surge_20_in_2days,"{'surge_start': '2022-03-29', 'surge_inquiries': 110, 'days_in_surge': 2, 'relaunch': False}",1,,,0,744,,
22863,Music Education Digital Products Business | Operator in Place | Visionary for Turnaround Needed,2,2022-12-05 18:49:01,2022-03-22 21:56:04,,lost,381,2022-06-05 23:05:02,2022-10-02 21:17:46,no,2022-06-06,surge_20_in_2days,"{'surge_start': '2022-06-06', 'surge_inquiries': 97, 'days_in_surge': 2, 'relaunch': False}",1,,,0,182,,
22943,Shopify/Amazon Sea Moss Brand | $270K+ MRR | 90%+ Gross Margin | US Made | 30%+ Growth,0,,2022-03-28 22:36:05,,active,350,2022-05-26 14:36:16,2025-07-22 02:12:14,yes,2025-04-09,surge_20_in_2days,"{'surge_start': '2025-04-09', 'surge_inquiries': 108, 'days_in_surge': 2, 'relaunch': True}",2,2025-04-22,2025-05-02,3,142,,
23097,13-Year-Old Specialty Hand Tools Business | 47% YOY SDE Growth | 40% Repeat Rev on Branded Site,1,2024-06-20 20:46:51,2022-04-09 21:44:04,464250.0,sold,438,2023-08-23 21:36:35,2024-06-14 01:39:06,yes,2023-08-27,surge_20_in_2days,"{'surge_start': '2023-08-27', 'surge_inquiries': 94, 'days_in_surge': 2, 'relaunch': False}",1,2024-02-01,2024-02-05,3,298,136.0,158.0
23136,Amazon UK and US FBA Gift Business | Motivated Seller | High Growth | Low Ad Spend,1,2022-12-30 18:01:02,2022-04-13 03:10:04,,sold,293,2022-07-06 19:01:36,2022-12-30 08:04:43,no,2022-07-07,surge_20_in_2days,"{'surge_start': '2022-07-07', 'surge_inquiries': 34, 'days_in_surge': 2, 'relaunch': False}",1,2022-12-15,2022-12-15,5,176,15.0,161.0
23204,Phenomenal 16-Year-Old Content and Directory Site for Runners | 6.9M Pageviews | $89k SDE,1,2022-08-01 16:24:02,2022-04-16 13:42:04,,sold,296,2022-06-08 17:58:48,2022-07-30 05:21:49,no,2022-06-08,surge_20_in_2days,"{'surge_start': '2022-06-08', 'surge_inquiries': 191, 'days_in_surge': 2, 'relaunch': False}",1,,,0,54,,
23262,"13+ Year Old Food Blog With 1,100 Posts + Multiple Traffic Sources",2,2023-06-05 03:57:02,2022-04-21 13:17:04,,lost,443,2022-05-23 17:45:40,2023-06-04 02:09:13,unknown,2023-04-18,surge_20_in_2days,"{'surge_start': '2023-04-18', 'surge_inquiries': 106, 'days_in_surge': 2, 'relaunch': True}",2,,,0,48,,
23429,4 Year Old Ergonomic Chair and Desk Business | Multiple Revenue Channels | Massive Growth Potential,2,2023-06-28 14:45:02,2022-05-05 21:43:58,,lost,318,2022-12-13 19:21:19,2023-04-11 00:03:01,unknown,2022-12-13,surge_20_in_2days,"{'surge_start': '2022-12-13', 'surge_inquiries': 74, 'days_in_surge': 2, 'relaunch': False}",1,,,0,197,,
23462,"Quick Sale Opportunity | Amazon FBA Home Decor | 2,000+ Reviews | 1.3x Multiple",1,2023-12-29 14:18:03,2022-05-10 17:20:05,30000.0,sold,681,2023-04-27 22:29:05,2023-12-27 13:30:30,no,2023-04-29,surge_20_in_2days,"{'surge_start': '2023-04-29', 'surge_inquiries': 74, 'days_in_surge': 2, 'relaunch': False}",1,2023-12-19,2024-01-01,11,244,,234.0
23473,Distressed Listing: Established Water Bottle Brand w/Great Potential,1,2023-01-19 05:33:02,2022-05-11 01:17:33,10000.0,sold,561,2022-06-27 13:46:41,2023-01-19 00:16:27,no,2022-06-27,surge_20_in_2days,"{'surge_start': '2022-06-27', 'surge_inquiries': 170, 'days_in_surge': 2, 'relaunch': False}",1,2023-01-02,2023-01-02,1,206,17.0,189.0
23521,Garden Supply Biz | Amazing Growth | Partial SBA Pre-Approval | 99% 4.9 ⭐ Rating,1,2023-11-28 22:45:03,2022-05-15 20:24:04,133750.0,sold,362,2023-03-14 22:32:34,2023-11-23 12:23:51,unknown,2023-03-15,surge_20_in_2days,"{'surge_start': '2023-03-15', 'surge_inquiries': 110, 'days_in_surge': 2, 'relaunch': False}",1,2023-05-15,2023-05-15,1,258,197.0,61.0
23553,PPC Lead Generation | Premium Client Base | Ready for Optimization | 87% Net Margins,0,,2022-05-17 17:42:22,,active,903,2023-12-06 13:30:12,2025-02-06 21:03:13,unknown,2023-12-06,surge_20_in_2days,"{'surge_start': '2023-12-06', 'surge_inquiries': 98, 'days_in_surge': 2, 'relaunch': False}",1,2024-03-25,2024-11-18,2,632,,
23586,Ultra-Premium Performance Bag Business w/ High Margins,1,2022-09-19 22:25:01,2022-05-18 23:29:39,,sold,361,2022-07-20 17:40:07,2022-09-19 16:40:03,no,2022-07-20,surge_20_in_2days,"{'surge_start': '2022-07-20', 'surge_inquiries': 201, 'days_in_surge': 2, 'relaunch': False}",1,,,0,61,,
23592,SBA Prequalified: Leading Personal Finance Content Business w/Diversified Earnings,1,2023-04-08 04:13:02,2022-05-19 15:59:44,287500.0,sold,750,2022-07-07 04:02:26,2023-04-07 20:14:29,yes,2022-07-10,surge_20_in_2days,"{'surge_start': '2022-07-10', 'surge_inquiries': 169, 'days_in_surge': 2, 'relaunch': False}",1,2022-12-26,2023-01-13,4,272,85.0,169.0
23620,SBA Pre-Qualified Custom Artwork Shopify Business | 75% Digital Sales | Turnkey Operations,1,2025-05-31 18:30:06,2022-05-20 16:58:57,99000.0,sold,522,2024-08-28 00:01:43,2025-05-30 16:13:52,yes,2024-08-28,surge_20_in_2days,"{'surge_start': '2024-08-28', 'surge_inquiries': 213, 'days_in_surge': 2, 'relaunch': False}",1,2024-10-31,2025-06-01,15,276,,64.0
23624,11 Year Old eCommerce Business | Steady History | Seller Financing Available,0,,2022-05-20 21:22:06,,active,651,2023-06-24 00:09:43,2024-09-21 15:59:31,no,2023-06-25,surge_20_in_2days,"{'surge_start': '2023-06-25', 'surge_inquiries': 77, 'days_in_surge': 2, 'relaunch': False}",1,,,0,796,,
23675,SBA Pre-qual 22 year old Snow Sports Biz | $2.18m Rev | 1.2% Ad Spend | Huge Growth Opportunities,1,2023-01-20 17:53:02,2022-05-25 20:25:04,160000.0,sold,345,2022-09-21 20:55:23,2023-01-18 21:21:34,yes,2022-09-21,surge_20_in_2days,"{'surge_start': '2022-09-21', 'surge_inquiries': 90, 'days_in_surge': 2, 'relaunch': False}",1,2022-11-10,2022-11-10,1,121,71.0,50.0
23680,Content Portfolio Package With 3 Finance Websites,1,2022-08-10 15:54:01,2022-05-26 18:14:52,,sold,288,2022-06-22 03:56:09,2022-08-09 13:20:19,no,2022-06-22,surge_20_in_2days,"{'surge_start': '2022-06-22', 'surge_inquiries': 188, 'days_in_surge': 2, 'relaunch': False}",1,,,0,49,,
23709,"SBA Pre-Qual Home Décor DTC and FBA Brand | 2,700+ 5-Star Reviews",2,2023-03-05 15:35:01,2022-05-31 15:06:03,,lost,428,2022-08-28 20:04:31,2022-11-20 13:14:27,yes,2022-08-28,surge_20_in_2days,"{'surge_start': '2022-08-28', 'surge_inquiries': 105, 'days_in_surge': 2, 'relaunch': False}",1,,,0,189,,
23775,10-Year-Old Evergreen Content Business with Website Manager,0,,2022-06-06 08:15:09,,active,1320,2022-12-20 14:11:17,2024-07-12 14:16:10,no,2022-12-20,surge_20_in_2days,"{'surge_start': '2022-12-20', 'surge_inquiries': 139, 'days_in_surge': 2, 'relaunch': False}",1,2023-01-09,2024-07-27,10,983,,
24040,Low Workload 4 Year Old Growing Food Blog With 170+ Posts,1,2023-03-24 20:57:02,2022-06-28 05:26:01,25000.0,sold,383,2022-07-12 01:04:40,2023-03-22 10:08:47,no,2023-03-01,surge_20_in_2days,"{'surge_start': '2023-03-01', 'surge_inquiries': 95, 'days_in_surge': 2, 'relaunch': True}",2,2023-03-08,2023-03-08,1,23,16.0,7.0
24061,Luxury Travel Content Biz | SBA Pre-Approved for $5M | SDE +129% YoY | Rev $2.1M +131% YoY,0,,2022-06-29 15:46:56,,active,333,2024-01-26 00:38:14,2024-02-29 12:49:15,yes,2024-01-28,surge_20_in_2days,"{'surge_start': '2024-01-28', 'surge_inquiries': 180, 'days_in_surge': 2, 'relaunch': False}",1,2024-02-15,2024-02-19,2,579,,
24112,12-Year-Old Premium Travel Content Platform | Exclusive AirBnB Affiliate Access | Turnkey Team,0,,2022-07-05 14:49:42,,active,590,2024-10-01 02:52:18,2025-08-29 01:43:50,no,2024-10-01,surge_20_in_2days,"{'surge_start': '2024-10-01', 'surge_inquiries': 189, 'days_in_surge': 2, 'relaunch': False}",1,,,0,332,,
24348,Flight/Travel Deals Subscription Service | 73% SDE Margin | $373K ARR | Untapped Potential,2,2025-04-04 22:11:04,2022-07-31 20:13:23,,lost,319,2024-10-07 01:41:27,2024-12-13 12:44:04,yes,2024-10-07,surge_20_in_2days,"{'surge_start': '2024-10-07', 'surge_inquiries': 185, 'days_in_surge': 2, 'relaunch': False}",1,2024-10-09,2024-12-12,2,179,113.0,2.0
24362,"SBA Pre-Qualified | 11-Yr-Old Amazon FBA | Eyewear | 37,000 4.4-Star Reviews | Positive YOY Trends",1,2024-04-29 21:28:32,2022-08-01 21:42:03,273444.0,sold,441,2023-06-06 21:52:00,2024-04-23 20:39:54,yes,2023-06-11,surge_20_in_2days,"{'surge_start': '2023-06-11', 'surge_inquiries': 102, 'days_in_surge': 2, 'relaunch': False}",1,2023-10-15,2024-01-25,2,323,95.0,126.0
24379,Content Site | Best-in-Class Tech Niche Authority | 7MM Visitors/Yr | YOY Growth Rev 491% & SDE 546%,1,2023-02-28 21:49:01,2022-08-02 18:08:04,90000.0,sold,302,2022-11-19 03:59:20,2023-02-28 11:26:59,no,2023-02-07,surge_20_in_2days,"{'surge_start': '2023-02-07', 'surge_inquiries': 149, 'days_in_surge': 2, 'relaunch': False}",1,2022-11-17,2023-02-18,2,21,10.0,
24587,High Growth Custom Pet Shopify Business | 2.0x Multiple,0,,2022-08-22 14:02:32,,active,387,2022-09-02 01:44:56,2022-11-29 06:20:52,no,2022-09-05,surge_20_in_2days,"{'surge_start': '2022-09-05', 'surge_inquiries': 151, 'days_in_surge': 2, 'relaunch': False}",1,,,0,1089,,
24594,"Home & Kitchen Brand | Dropship, Passive Income, Turnkey | Low Multiple",2,2023-03-27 18:46:02,2022-08-23 01:08:03,,lost,542,2022-11-07 21:59:07,2023-03-27 11:58:47,no,2023-01-16,surge_20_in_2days,"{'surge_start': '2023-01-16', 'surge_inquiries': 108, 'days_in_surge': 2, 'relaunch': True}",2,2023-01-24,2023-01-24,1,70,62.0,8.0
24695,4+ Year Old Travel Blog With 350% YoY Traffic Growth,1,2023-01-14 08:55:02,2022-08-31 16:32:20,40000.0,sold,327,2022-11-04 04:47:26,2023-01-13 20:30:55,no,2022-11-06,surge_20_in_2days,"{'surge_start': '2022-11-06', 'surge_inquiries': 157, 'days_in_surge': 2, 'relaunch': False}",1,2022-12-08,2022-12-08,1,69,37.0,32.0
24750,Distressed/Bankruptcy Listing | Over $17M+ in Lifetime Revenue | Large IP,1,2023-04-28 18:24:02,2022-09-06 20:42:44,52944.0,sold,558,2022-12-20 21:02:44,2023-04-27 15:24:42,unknown,2022-12-20,surge_20_in_2days,"{'surge_start': '2022-12-20', 'surge_inquiries': 252, 'days_in_surge': 2, 'relaunch': False}",1,2023-02-20,2023-02-20,1,129,67.0,62.0
24779,Home and Kitchen Brand | Multiple Patents | 1.7x Multiple | Shark Tank Featured | High Margins,0,,2022-09-08 19:36:03,,active,565,2022-10-17 21:33:59,2023-02-14 14:08:21,no,2022-10-17,surge_20_in_2days,"{'surge_start': '2022-10-17', 'surge_inquiries': 106, 'days_in_surge': 2, 'relaunch': False}",1,,,0,1047,,
24842,Workout Blog | Subscription Revenue | 10+ Years Old | Marketing Needed,0,,2022-09-15 15:31:53,,active,431,2023-05-13 15:19:16,2023-09-01 04:23:05,no,2023-05-15,surge_20_in_2days,"{'surge_start': '2023-05-15', 'surge_inquiries': 107, 'days_in_surge': 2, 'relaunch': False}",1,,,0,837,,
24844,4 Year Old Amazon FBA Business In Kids Outdoor Sporting Category w/30% Net Margins,1,2023-12-22 15:50:25,2022-09-15 18:45:03,74980.0,sold,319,2022-12-01 17:59:44,2023-12-22 07:49:22,no,2022-12-04,surge_20_in_2days,"{'surge_start': '2022-12-04', 'surge_inquiries': 100, 'days_in_surge': 2, 'relaunch': False}",1,2023-02-15,2023-02-15,2,383,310.0,73.0
24946,Established 5 Year Old Lifestyle Business Focused On Wooden Baby Products,1,2023-02-03 18:29:01,2022-09-27 20:21:03,57137.0,sold,281,2022-11-11 23:51:42,2023-02-03 04:14:54,no,2022-11-15,surge_20_in_2days,"{'surge_start': '2022-11-15', 'surge_inquiries': 122, 'days_in_surge': 2, 'relaunch': False}",1,2022-12-26,2022-12-26,1,80,39.0,41.0
25005,Amazon FBA and Reseller Business Selling at Low Multiple,2,2024-04-11 20:11:03,2022-10-04 13:52:47,,lost,383,2022-12-03 01:20:38,2023-03-24 17:05:46,yes,2022-12-05,surge_20_in_2days,"{'surge_start': '2022-12-05', 'surge_inquiries': 78, 'days_in_surge': 2, 'relaunch': False}",1,,,0,493,,
25141,Quick Sale Opportunity 14 Year Old Travel Content Site | 80% Affiliate | Strong Domain Authority,0,,2022-10-17 09:30:04,,active,702,2023-08-16 23:54:21,2025-08-29 15:14:58,no,2025-06-17,surge_20_in_2days,"{'surge_start': '2025-06-17', 'surge_inquiries': 136, 'days_in_surge': 2, 'relaunch': True}",2,,,0,73,,
25215,SBA Prequalified: 21+ Year Old Transportation Industry Ecom Business With No Paid Ads,1,2023-04-11 19:40:02,2022-10-18 12:53:04,381400.0,sold,583,2022-10-28 20:06:08,2023-04-08 05:25:03,yes,2022-10-31,surge_20_in_2days,"{'surge_start': '2022-10-31', 'surge_inquiries': 151, 'days_in_surge': 2, 'relaunch': False}",1,2023-01-27,2023-01-27,1,162,74.0,88.0
25230,Gaming Blog w/Growing Mediavine Earnings and Strong Traffic Trends,1,2023-02-25 04:07:02,2022-10-19 15:27:05,77275.0,sold,298,2022-11-03 14:39:09,2023-02-18 14:51:55,no,2022-11-06,surge_20_in_2days,"{'surge_start': '2022-11-06', 'surge_inquiries': 91, 'days_in_surge': 2, 'relaunch': False}",1,2023-01-27,2023-01-27,1,111,29.0,82.0
25250,"Price Reduced: 9-Year-Old SaaS Business with $86k MRR and $1,250 LTV",1,2023-10-11 21:07:02,2022-10-20 16:14:05,127500.0,sold,1086,2023-02-09 17:57:06,2023-10-09 16:12:01,no,2023-02-09,surge_20_in_2days,"{'surge_start': '2023-02-09', 'surge_inquiries': 194, 'days_in_surge': 2, 'relaunch': False}",1,2023-02-17,2023-11-09,18,244,,8.0
25264,12-Year-Old WordPress Subscription Management Business |$306K SDE **Partial Financing Available,1,2023-05-09 21:08:02,2022-10-21 14:03:37,82800.0,sold,276,2022-12-15 19:01:29,2023-05-09 11:37:03,no,2022-12-15,surge_20_in_2days,"{'surge_start': '2022-12-15', 'surge_inquiries': 104, 'days_in_surge': 2, 'relaunch': False}",1,2023-02-01,2023-02-07,10,145,91.0,48.0
25286,Aphrodisiac Chocolate Biz w/ Massive Growth & Huge Margins | Selling Due to Co-Founder Falling Out,1,2023-09-21 14:20:02,2022-10-24 17:26:04,464500.0,sold,399,2023-03-14 21:39:49,2023-09-18 20:03:20,no,2023-03-14,surge_20_in_2days,"{'surge_start': '2023-03-14', 'surge_inquiries': 186, 'days_in_surge': 2, 'relaunch': False}",1,2023-05-10,2023-05-10,2,191,134.0,57.0
25452,Home Renovation Drop Ship Biz | YOY Revenue UP 75% | High AOV | 1.94x Multiple,1,2023-04-11 13:37:02,2022-11-10 21:46:22,25000.0,sold,473,2022-12-07 18:27:12,2023-04-10 22:20:59,unknown,2022-12-07,surge_20_in_2days,"{'surge_start': '2022-12-07', 'surge_inquiries': 103, 'days_in_surge': 2, 'relaunch': False}",1,2023-03-11,2023-03-11,1,125,31.0,94.0
25477,11 Year Old Home & Kitchen FBA Brand | Truly Unique Products | Owners Ready for Retirement,0,,2022-11-14 16:56:36,,active,412,2023-05-29 23:51:17,2024-03-01 23:33:38,no,2023-05-29,surge_20_in_2days,"{'surge_start': '2023-05-29', 'surge_inquiries': 134, 'days_in_surge': 2, 'relaunch': False}",1,,,0,823,,
25726,2 Year Old Free Sample Portfolio Of 8 Affiliate Websites With 250k+ Subscribers,1,2023-07-11 17:51:14,2022-12-08 12:52:02,79150.0,sold,498,2023-01-26 23:13:29,2023-07-10 04:26:30,no,2023-01-29,surge_20_in_2days,"{'surge_start': '2023-01-29', 'surge_inquiries': 113, 'days_in_surge': 2, 'relaunch': False}",1,2023-06-09,2023-06-09,2,163,32.0,131.0
25772,Quick Sale Opportunity Reflexology Health Business | Low Competition | Strong Margins,2,2024-04-11 20:03:02,2022-12-13 20:40:44,,lost,326,2023-07-10 18:36:10,2023-12-05 01:21:46,no,2023-07-10,surge_20_in_2days,"{'surge_start': '2023-07-10', 'surge_inquiries': 57, 'days_in_surge': 2, 'relaunch': False}",1,,,0,276,,
25776,"Fast Growing SaaS | Transport Management Space | ~$1m ARR w/ 350%+ YoY Growth | $40,000+ CLTV",1,2023-11-20 14:34:03,2022-12-14 09:03:03,91000.0,sold,838,2023-03-02 19:46:04,2023-11-14 17:59:31,unknown,2023-06-11,surge_20_in_2days,"{'surge_start': '2023-06-11', 'surge_inquiries': 129, 'days_in_surge': 2, 'relaunch': True}",2,2023-07-20,2023-11-20,4,162,0.0,39.0
25934,"SBA Pre-Qualified: Sleep Aid eCommerce w/ Strong Brand & Growth Ops, YoY Rev +35%, SDE +125%",1,2023-10-31 13:42:58,2023-01-04 17:56:04,151900.0,sold,354,2023-07-19 15:14:54,2023-10-31 13:17:32,unknown,2023-07-19,surge_20_in_2days,"{'surge_start': '2023-07-19', 'surge_inquiries': 25, 'days_in_surge': 2, 'relaunch': False}",1,2023-07-29,2023-08-01,3,104,91.0,10.0
26074,"SBA Pre-Qual | Proprietary Saas Tools for Traders, 1700 Customers, Built-in Growth, 4.8 Star Rating",1,2025-06-03 20:17:28,2023-01-19 19:15:03,397000.0,sold,283,2024-08-15 14:40:45,2025-05-29 18:54:05,yes,2024-08-19,surge_20_in_2days,"{'surge_start': '2024-08-19', 'surge_inquiries': 40, 'days_in_surge': 2, 'relaunch': False}",1,2024-11-28,2025-02-20,4,288,103.0,101.0
26079,Subscription Based Newsletter | $40K+ MRR | 300K Email Subscribers | 575K Instagram Followers,0,,2023-01-20 18:06:51,,active,572,2023-03-20 18:38:52,2023-10-15 19:03:36,no,2023-03-20,surge_20_in_2days,"{'surge_start': '2023-03-20', 'surge_inquiries': 195, 'days_in_surge': 2, 'relaunch': False}",1,2023-05-22,2023-05-22,1,893,,
26105,8-Year-Old Pet Safety Brand | 20% Repeat Purchase Rate | 21% YOY Revenue Growth Past 6 Mos.,0,,2023-01-24 20:06:37,,active,959,2023-05-10 14:39:49,2025-08-19 23:13:28,yes,2025-04-06,surge_20_in_2days,"{'surge_start': '2025-04-06', 'surge_inquiries': 52, 'days_in_surge': 2, 'relaunch': True}",2,2023-05-23,2025-04-11,5,145,,
26197,5-Yr-Old Running and Fitness Accessories Brand | Below 1x w/ Inventory Included,2,2023-05-31 20:34:02,2023-02-01 20:30:59,,lost,305,2023-04-03 16:32:46,2023-05-31 20:22:52,no,2023-04-03,surge_20_in_2days,"{'surge_start': '2023-04-03', 'surge_inquiries': 127, 'days_in_surge': 2, 'relaunch': False}",1,2022-03-14,2022-03-14,1,58,443.0,
26243,"Recently Reduced: 6 Year Old Mattress Blog - 1,500 Posts - Low Workload",0,,2023-02-06 19:43:23,,active,384,2023-08-03 16:38:28,2024-01-02 18:53:06,no,2023-11-05,surge_20_in_2days,"{'surge_start': '2023-11-05', 'surge_inquiries': 49, 'days_in_surge': 2, 'relaunch': True}",2,,,0,663,,
26302,SBA Qualified Growing Baby Products Brand | Amazon FBA and Shopify | Established Team | US Supplier,1,2023-12-10 01:43:02,2023-02-11 23:56:04,48000.0,sold,352,2023-05-25 19:38:02,2023-12-08 21:07:23,yes,2023-08-27,first_inquiry,"{'launch_date': '2023-08-27', 'total_inquiries': 22, 'relaunch': True}",2,2023-08-25,2023-08-25,1,105,107.0,
26353,SBA Pre-qualified 20-Year-Old Library Resource Business | 77 Year-Old Owner Retiring,1,2023-08-26 03:25:02,2023-02-15 06:52:01,35000.0,sold,545,2023-05-04 13:31:28,2023-07-25 18:11:00,yes,2023-05-04,surge_20_in_2days,"{'surge_start': '2023-05-04', 'surge_inquiries': 327, 'days_in_surge': 2, 'relaunch': False}",1,2023-05-18,2023-07-18,7,114,39.0,14.0
26480,Automated Resume-Writing Service | 78% Net Margins | Little Marketing | Seller Financing Available,1,2023-09-15 21:04:02,2023-02-24 12:04:09,61500.0,sold,521,2023-04-24 17:06:32,2023-09-14 22:11:29,no,2023-04-24,surge_20_in_2days,"{'surge_start': '2023-04-24', 'surge_inquiries': 109, 'days_in_surge': 2, 'relaunch': False}",1,2023-08-15,2023-09-15,14,144,0.0,113.0
26573,"Growing EdTech Business: 85% Recurring Revenue, 11K+ Annual Subscribers, 17.6% CAGR",0,,2023-03-03 16:27:02,,active,456,2024-11-13 16:10:48,2025-08-27 12:13:33,unknown,2024-11-13,surge_20_in_2days,"{'surge_start': '2024-11-13', 'surge_inquiries': 92, 'days_in_surge': 2, 'relaunch': False}",1,,,0,289,,
26636,SBA Camper Van Ecom Brand | 70% Organic Traffic | $900+ AOV | 8-Figure Revenue Potential,1,2025-01-09 00:40:02,2023-03-07 22:00:04,235264.0,sold,835,2024-01-11 01:12:32,2025-01-08 02:13:52,yes,2024-01-11,surge_20_in_2days,"{'surge_start': '2024-01-11', 'surge_inquiries': 98, 'days_in_surge': 2, 'relaunch': False}",1,2024-08-30,2025-01-09,33,364,0.0,232.0
26690,Sports-betting Picks & Handicapping Services Biz | Est. 2009 | TTM 64% Net Margins | 1.5x Multiple,1,2025-03-14 17:26:57,2023-03-10 22:53:07,90540.0,sold,796,2023-05-31 02:42:41,2025-03-14 04:27:02,no,2024-06-04,surge_20_in_2days,"{'surge_start': '2024-06-04', 'surge_inquiries': 62, 'days_in_surge': 2, 'relaunch': True}",2,2023-11-06,2025-03-13,6,283,1.0,
26749,3 Site Content Portfolio in DIY Repair Category w/Millions of Monthly Visits,1,2023-09-30 02:53:17,2023-03-16 09:02:04,61500.0,sold,711,2023-04-09 20:55:19,2023-09-26 17:07:41,no,2023-04-09,surge_20_in_2days,"{'surge_start': '2023-04-09', 'surge_inquiries': 131, 'days_in_surge': 2, 'relaunch': False}",1,2023-09-11,2023-09-11,1,174,19.0,155.0
26824,Distressed Listing / 15 Year Old Eco-Friendly Storage Biz / $3.2M+ Revenue / Diverse Sales Channels,2,2024-08-19 16:00:06,2023-03-20 16:44:10,,lost,439,2023-10-28 11:49:17,2024-08-18 16:05:47,unknown,2023-10-30,surge_20_in_2days,"{'surge_start': '2023-10-30', 'surge_inquiries': 67, 'days_in_surge': 2, 'relaunch': False}",1,2023-12-27,2023-12-27,1,294,236.0,58.0
26838,SBA Shopify Custom Home Decor | $130 AOV | High Gross Margins | US Manufacturing,1,2024-12-14 23:02:02,2023-03-21 05:04:04,82500.0,sold,360,2024-10-03 19:56:47,2024-12-09 16:41:41,yes,2024-10-03,surge_20_in_2days,"{'surge_start': '2024-10-03', 'surge_inquiries': 143, 'days_in_surge': 2, 'relaunch': False}",1,2024-11-22,2024-12-15,11,72,,50.0
27128,"Low Workload Digital Products and Affiliate Business w/14,000 Customers and Transferable Team",0,,2023-04-04 19:48:05,,active,391,2023-05-02 19:39:29,2023-08-07 23:27:24,no,2023-05-02,surge_20_in_2days,"{'surge_start': '2023-05-02', 'surge_inquiries': 108, 'days_in_surge': 2, 'relaunch': False}",1,,,0,850,,
27226,"Shopify Private Label CBD | 75% Repeat Customers | 360+ Subscribers, ~13K Recurring/Month | 1.85x",0,,2023-04-11 16:44:14,,active,599,2023-06-05 16:51:23,2025-06-19 05:04:02,no,2025-02-02,surge_20_in_2days,"{'surge_start': '2025-02-02', 'surge_inquiries': 87, 'days_in_surge': 2, 'relaunch': True}",2,2023-06-29,2025-04-02,6,208,,
27268,"Growing Outdoor Structures Drop Ship Business w/$10,000+ Average Order Size",1,2023-09-19 16:18:07,2023-04-13 20:36:32,118900.0,sold,295,2023-08-18 19:13:27,2023-09-17 23:01:26,no,2023-08-21,surge_20_in_2days,"{'surge_start': '2023-08-21', 'surge_inquiries': 223, 'days_in_surge': 2, 'relaunch': False}",1,2023-08-22,2023-08-22,1,29,28.0,1.0
27278,2 Year Old Agency Focused On HARO - Low 5 - 7 Hour A Week Owner Workload,1,2023-11-02 17:53:27,2023-04-14 09:34:03,14767.0,sold,277,2023-05-22 23:05:50,2023-11-02 17:40:41,no,2023-05-24,surge_20_in_2days,"{'surge_start': '2023-05-24', 'surge_inquiries': 55, 'days_in_surge': 2, 'relaunch': False}",1,2023-10-20,2023-10-20,2,162,13.0,149.0
27296,"Amazon FBA | Established 4 SKU Brand | Diversion Safes & Fireproof Products | 3,000 4.7-Star Reviews",0,,2023-04-16 08:52:03,,active,521,2023-06-01 05:06:14,2024-01-21 20:10:24,no,2023-06-06,surge_20_in_2days,"{'surge_start': '2023-06-06', 'surge_inquiries': 98, 'days_in_surge': 2, 'relaunch': False}",1,2023-08-07,2023-09-23,2,815,,
27495,Virtual Summit Business in the Education Space | 58% Net Margins | Multiple Growth Opps,1,2023-12-19 23:07:03,2023-04-27 19:04:03,100000.0,sold,279,2023-05-24 02:02:10,2023-12-16 18:03:55,yes,2023-05-24,surge_20_in_2days,"{'surge_start': '2023-05-24', 'surge_inquiries': 63, 'days_in_surge': 2, 'relaunch': False}",1,2023-07-12,2023-10-20,4,209,60.0,49.0
27532,SBA Qualified Social Media Marketing Agency | Subscription Revenue | $9.5K LTV | Established Team,0,,2023-04-29 16:14:03,,active,310,2023-08-23 00:40:40,2023-11-11 20:37:50,yes,2023-08-23,surge_20_in_2days,"{'surge_start': '2023-08-23', 'surge_inquiries': 178, 'days_in_surge': 2, 'relaunch': False}",1,,,0,737,,
27592,Niche-Leading Travel Blog with 7M Annual Users and 107% YoY Growth,0,,2023-05-03 13:37:09,,active,343,2023-06-04 21:07:58,2023-11-15 18:46:21,no,2023-06-04,surge_20_in_2days,"{'surge_start': '2023-06-04', 'surge_inquiries': 101, 'days_in_surge': 2, 'relaunch': False}",1,2023-07-11,2023-07-11,1,817,,
27643,Shopify | Private-Label Premium Wall Paneling Products | Multichannel | $593K SDE & Growing | 2.5x,1,2023-12-08 20:42:33,2023-05-06 13:39:04,148167.0,sold,453,2023-06-15 22:51:01,2023-12-08 13:56:40,no,2023-06-19,surge_20_in_2days,"{'surge_start': '2023-06-19', 'surge_inquiries': 114, 'days_in_surge': 2, 'relaunch': False}",1,2023-08-04,2023-10-25,3,172,44.0,46.0
27689,SBA Qualified Yoga Digital Products | Operator in Place | 8 Years Old | Marketing Needed,1,2023-10-14 17:48:02,2023-05-09 18:17:03,63750.0,sold,320,2023-05-23 18:35:42,2023-10-10 18:43:54,yes,2023-05-23,surge_20_in_2days,"{'surge_start': '2023-05-23', 'surge_inquiries': 85, 'days_in_surge': 2, 'relaunch': False}",1,2023-07-03,2023-07-03,1,144,103.0,41.0
27894,"Private Label Lifestyle Brand | 75% Wholesale/Drop-Ship Partner Model | YOY 85% Rev, 43% SDE Growth",0,,2023-05-22 19:16:04,,active,404,2024-01-18 03:29:07,2024-08-28 12:19:24,no,2024-01-18,surge_20_in_2days,"{'surge_start': '2024-01-18', 'surge_inquiries': 72, 'days_in_surge': 2, 'relaunch': False}",1,2024-04-25,2024-04-25,1,589,,
27936,SBA Qualified Growing Real Estate Digital Services Business | 50% Net Margins | $500+ LTV,1,2023-10-14 18:37:02,2023-05-25 16:20:03,104050.0,sold,570,2023-06-20 19:27:07,2023-10-12 15:11:25,yes,2023-06-20,surge_20_in_2days,"{'surge_start': '2023-06-20', 'surge_inquiries': 209, 'days_in_surge': 2, 'relaunch': False}",1,2023-09-22,2023-10-02,7,116,12.0,94.0
28011,Category-Leading Amazon FBA Blankets Business with 90%+ YoY Growth and 4.8 Product Rating,0,,2023-06-01 07:29:04,,active,452,2023-08-16 05:12:36,2024-03-31 16:00:28,no,2023-08-16,surge_20_in_2days,"{'surge_start': '2023-08-16', 'surge_inquiries': 130, 'days_in_surge': 2, 'relaunch': False}",1,,,0,744,,
28025,Partial SBA Pre-Qualified Test Prep Membership Business | 100% Organic | Zero Marketing | 15K Subs,1,2024-10-02 01:59:21,2023-06-02 03:47:09,297650.0,sold,451,2023-06-26 18:15:06,2024-10-01 23:01:52,yes,2023-06-27,surge_20_in_2days,"{'surge_start': '2023-06-27', 'surge_inquiries': 59, 'days_in_surge': 2, 'relaunch': False}",1,2024-06-18,2024-06-18,1,463,106.0,357.0
28115,SBA Pre-Qualified Amazon FBA Health Supplement Company | 15K+ Amazon Subscribers | US Manufacturing,0,,2023-06-10 12:46:04,,active,823,2024-04-24 03:15:58,2025-08-28 17:43:32,yes,2024-04-24,surge_20_in_2days,"{'surge_start': '2024-04-24', 'surge_inquiries': 70, 'days_in_surge': 2, 'relaunch': False}",1,,,0,492,,
28147,Category Originating Arbitrage Biz / No Paid Marketing / Untapped Growth Potential,0,,2023-06-13 17:19:13,,active,440,2024-02-07 01:25:20,2024-09-10 07:52:31,unknown,2024-02-07,surge_20_in_2days,"{'surge_start': '2024-02-07', 'surge_inquiries': 170, 'days_in_surge': 2, 'relaunch': False}",1,,,0,569,,
28179,SBA PQ | Passive Test Prep Business | YouTube 75.6K Subs - 9.5M Views | YoY Rev/SDE Growth 63% & 67%,1,2025-04-03 18:52:34,2023-06-15 13:01:08,50000.0,sold,465,2024-10-02 17:39:29,2025-03-28 05:56:08,yes,2025-02-03,surge_20_in_2days,"{'surge_start': '2025-02-03', 'surge_inquiries': 122, 'days_in_surge': 2, 'relaunch': True}",2,2024-11-29,2025-02-11,19,59,51.0,
28317,Quick Sale Opportunity | Amazon Dog Gear | USA Made | Trademarked | Design Patent,1,2023-07-28 23:30:43,2023-06-27 16:10:33,15000.0,sold,366,2023-06-29 16:58:58,2023-07-28 16:42:27,no,2023-06-29,surge_20_in_2days,"{'surge_start': '2023-06-29', 'surge_inquiries': 277, 'days_in_surge': 2, 'relaunch': False}",1,2023-07-07,2023-07-07,1,29,21.0,8.0
28692,Vehicle Camping and Off-roading Amazon FBA Business | 40% Growth | $1.4m Revenue,0,,2023-07-28 04:24:18,,active,330,2023-08-29 19:23:46,2023-11-15 15:11:37,no,2023-08-29,surge_20_in_2days,"{'surge_start': '2023-08-29', 'surge_inquiries': 118, 'days_in_surge': 2, 'relaunch': False}",1,,,0,731,,
28740,WordPress Dog Content Site | Quality Content | Low Workload,2,2025-04-28 12:40:03,2023-08-01 09:11:09,,lost,301,2023-09-16 16:28:24,2024-01-02 12:57:03,no,2023-12-20,surge_20_in_2days,"{'surge_start': '2023-12-20', 'surge_inquiries': 75, 'days_in_surge': 2, 'relaunch': True}",2,,,0,495,,
28755,Distressed Personalized Jewelry Brand | 650K Followers | 3K+ Reviews | 1.6M Emails,1,2024-12-05 21:55:03,2023-08-01 21:33:18,20000.0,sold,326,2023-09-20 07:05:37,2024-03-14 21:44:07,unknown,2023-09-20,surge_20_in_2days,"{'surge_start': '2023-09-20', 'surge_inquiries': 120, 'days_in_surge': 2, 'relaunch': False}",1,2023-10-17,2024-03-15,3,442,265.0,27.0
28876,3-Year-Old Content Site | Quick Sale Opportunity | Global Cuisine/Recipes | 50 DA | 1.23x Multiple,0,,2023-08-09 20:29:26,,active,360,2023-08-28 22:36:48,2024-01-03 02:27:11,no,2023-08-30,surge_20_in_2days,"{'surge_start': '2023-08-30', 'surge_inquiries': 137, 'days_in_surge': 2, 'relaunch': False}",1,2023-09-04,2023-09-04,1,730,,
28928,Upwork-Like Platform for Tutoring | Solid Reputation | Massive Industry | Low Multiple,1,2024-03-19 20:14:56,2023-08-14 23:11:03,92500.0,sold,614,2023-10-18 11:43:43,2024-03-12 20:47:41,no,2023-10-18,surge_20_in_2days,"{'surge_start': '2023-10-18', 'surge_inquiries': 138, 'days_in_surge': 2, 'relaunch': False}",1,2024-02-16,2024-02-16,1,153,32.0,121.0
29014,10-Year-Old Outdoor Living Retailer | 100% USA Suppliers | 20x ROAS,1,2025-06-15 02:57:10,2023-08-22 18:17:07,52500.0,sold,363,2025-02-21 00:17:22,2025-05-26 00:18:50,no,2025-02-23,surge_20_in_2days,"{'surge_start': '2025-02-23', 'surge_inquiries': 110, 'days_in_surge': 2, 'relaunch': False}",1,2025-04-23,2025-04-28,3,112,48.0,59.0
29066,14-Year-Old Day Trading Futures Software and Education Business | Partial SBA | 60% Repeat Customers,2,2025-04-04 21:39:01,2023-08-25 21:01:01,,lost,302,2023-11-06 02:00:05,2024-06-04 18:17:22,unknown,2023-11-06,surge_20_in_2days,"{'surge_start': '2023-11-06', 'surge_inquiries': 81, 'days_in_surge': 2, 'relaunch': False}",1,2023-12-01,2024-05-03,9,515,336.0,25.0
29208,11 Year Old B2B Cloud-Based CRM for Roofing Contractors | Avg Sub 5+ Years | Scaling Opportunity,0,,2023-09-06 16:12:09,,active,283,2024-06-14 22:10:31,2024-09-16 14:40:32,no,2024-06-16,surge_20_in_2days,"{'surge_start': '2024-06-16', 'surge_inquiries': 83, 'days_in_surge': 2, 'relaunch': False}",1,,,0,439,,
29211,7-Year-Old Amazon FBA Brand | Baby Niche | Low Workload,1,2025-05-01 18:02:54,2023-09-06 18:17:28,24990.0,sold,561,2024-04-29 21:35:52,2025-04-30 01:23:05,no,2024-04-30,surge_20_in_2days,"{'surge_start': '2024-04-30', 'surge_inquiries': 101, 'days_in_surge': 2, 'relaunch': False}",1,2024-06-14,2025-02-27,3,366,63.0,45.0
29262,12-Year-Old WordPress Content Site | Strong Domain Authority + Low Workload,2,2024-01-23 22:42:02,2023-09-11 14:23:31,,lost,309,2023-10-24 18:13:11,2024-01-22 03:44:10,no,2023-10-25,surge_20_in_2days,"{'surge_start': '2023-10-25', 'surge_inquiries': 102, 'days_in_surge': 2, 'relaunch': False}",1,2023-11-02,2023-11-02,1,90,82.0,8.0
29379,SBA Pre-Qualified: 12-Year-Old SaaS Business | Owner Works 5 Hours per Week,1,2025-03-18 06:27:07,2023-09-18 23:13:03,263916.0,sold,1687,2023-10-20 05:14:12,2025-03-13 11:44:26,yes,2023-10-22,surge_20_in_2days,"{'surge_start': '2023-10-22', 'surge_inquiries': 105, 'days_in_surge': 2, 'relaunch': False}",1,2024-03-11,2024-11-22,4,513,116.0,141.0
29429,Growing Jewelry Business | +137% YoY Revenue | +92% SDE | 76% Gross Margins,1,2024-05-30 14:33:02,2023-09-22 16:03:02,,sold,360,2023-11-01 14:45:51,2024-05-27 00:03:46,no,2023-11-01,surge_20_in_2days,"{'surge_start': '2023-11-01', 'surge_inquiries': 64, 'days_in_surge': 2, 'relaunch': False}",1,2023-11-30,2024-03-28,6,211,63.0,29.0
29525,10+ Year Old Greek Mythology Blog - Evergreen Content - Low Workload,0,,2023-09-29 15:26:37,,active,290,2023-11-01 12:52:46,2024-01-09 13:14:23,no,2023-11-01,surge_20_in_2days,"{'surge_start': '2023-11-01', 'surge_inquiries': 96, 'days_in_surge': 2, 'relaunch': False}",1,,,0,667,,
29530,Alternascript & Hair Labs,1,2025-01-10 21:16:35,2023-09-29 20:41:00,40000.0,sold,628,2023-10-11 05:01:13,2025-01-07 23:10:04,yes,2023-10-11,surge_20_in_2days,"{'surge_start': '2023-10-11', 'surge_inquiries': 110, 'days_in_surge': 2, 'relaunch': False}",1,2023-10-18,2024-12-25,3,457,16.0,7.0
29592,Profitable 20-Year-Old Furniture eComm Business Primed for Immense Upside,1,2024-05-23 15:04:03,2023-10-04 14:13:08,95850.0,sold,363,2023-12-22 23:22:55,2024-05-21 21:26:25,unknown,2023-12-25,surge_20_in_2days,"{'surge_start': '2023-12-25', 'surge_inquiries': 135, 'days_in_surge': 2, 'relaunch': False}",1,2024-01-12,2024-01-20,3,150,124.0,18.0
29598,SBA Pre-Qualified Health & Wellness Content Sites | 58% SDE Margins | Strong Backlinks,1,2024-03-11 19:45:15,2023-10-04 16:12:39,145600.0,sold,332,2023-11-08 04:54:53,2024-03-11 17:38:07,yes,2023-11-08,surge_20_in_2days,"{'surge_start': '2023-11-08', 'surge_inquiries': 167, 'days_in_surge': 2, 'relaunch': False}",1,2023-11-15,2024-01-12,7,124,59.0,7.0
29684,10-Year-Old Personal Finance Blog | 800+ Posts | Low Multiple,0,,2023-10-11 19:51:28,,active,306,2024-02-09 00:00:56,2024-06-17 15:03:30,no,2024-02-11,surge_20_in_2days,"{'surge_start': '2024-02-11', 'surge_inquiries': 86, 'days_in_surge': 2, 'relaunch': False}",1,,,0,565,,
29740,Growing Digital Marketing Biz | Revenue +86% YoY | SDE +123%,0,,2023-10-17 00:24:31,,active,397,2024-02-14 19:17:32,2024-08-10 17:00:36,unknown,2024-02-14,surge_20_in_2days,"{'surge_start': '2024-02-14', 'surge_inquiries': 130, 'days_in_surge': 2, 'relaunch': False}",1,2024-05-13,2024-05-13,1,562,,
29862,"SBA Pre Approved: Market-Leading Real Estate Content Biz | 3,486 Subscribers | Conservative Growth",0,,2023-10-25 13:00:20,,active,969,2024-12-22 21:52:45,2025-08-28 14:59:37,yes,2025-02-16,surge_20_in_2days,"{'surge_start': '2025-02-16', 'surge_inquiries': 290, 'days_in_surge': 2, 'relaunch': True}",2,2025-02-19,2025-03-04,7,194,,
29867,SBA Pre-Qualified Outdoor Living Ecomm Business | 320% YoY Growth | $4.5K Average Order Value,2,2025-04-04 22:11:27,2023-10-25 18:58:07,,lost,318,2024-02-04 18:45:16,2024-03-27 14:46:10,yes,2024-02-04,surge_20_in_2days,"{'surge_start': '2024-02-04', 'surge_inquiries': 151, 'days_in_surge': 2, 'relaunch': False}",1,2024-02-12,2024-02-16,2,425,413.0,8.0
29908,Merch By Amazon Business w/Massive Capacity Allocations Available & Untapped Growth,1,2023-12-28 15:43:26,2023-10-27 21:18:38,30000.0,sold,322,2023-11-12 05:08:37,2023-12-27 19:58:49,no,2023-11-12,surge_20_in_2days,"{'surge_start': '2023-11-12', 'surge_inquiries': 128, 'days_in_surge': 2, 'relaunch': False}",1,2023-12-19,2023-12-19,1,46,9.0,37.0
30058,8-Year-Old Electronics Business | $4.7M+ Revenue | YoY Revenue Up 4.33% | Seven Brand Registries,1,2025-04-03 07:59:23,2023-11-08 15:47:05,143000.0,sold,299,2024-01-12 22:42:48,2025-03-26 22:33:35,unknown,2024-01-13,surge_20_in_2days,"{'surge_start': '2024-01-13', 'surge_inquiries': 45, 'days_in_surge': 2, 'relaunch': False}",1,2024-04-16,2024-04-22,3,446,346.0,94.0
30193,SBA Email SaaS Company | Low 1 Customer per Month Churn | Sales Experience Needed,1,2024-08-06 23:59:02,2023-11-17 23:25:04,60000.0,sold,1076,2024-01-02 18:44:25,2024-08-06 16:35:09,yes,2024-01-02,surge_20_in_2days,"{'surge_start': '2024-01-02', 'surge_inquiries': 117, 'days_in_surge': 2, 'relaunch': False}",1,2024-08-01,2024-08-07,14,217,,212.0
30199,SBA Pre-Qualified | 14 Year-Old Eyewear Brands | Exclusive Vendors | B2B Growth Opportunities,1,2025-02-28 22:31:02,2023-11-18 03:19:48,78750.0,sold,603,2024-05-23 16:11:56,2025-02-24 18:40:12,yes,2024-12-04,surge_20_in_2days,"{'surge_start': '2024-12-04', 'surge_inquiries': 148, 'days_in_surge': 2, 'relaunch': True}",2,2024-05-25,2024-12-23,39,86,67.0,
30373,Seller Financing Available | Personal Grooming Shopify Biz | Motivated Seller | Marketing Needed,2,2024-07-15 15:15:02,2023-12-01 15:59:10,,lost,759,2024-01-11 14:06:24,2024-07-12 00:30:15,no,2024-06-12,surge_20_in_2days,"{'surge_start': '2024-06-12', 'surge_inquiries': 150, 'days_in_surge': 2, 'relaunch': True}",2,,,0,33,,
30570,Physical Wellness WordPress Content Site Hit by Google HCU | Open to Offers,1,2024-05-11 13:07:02,2023-12-15 10:52:10,10000.0,sold,632,2024-01-28 17:35:12,2024-05-09 14:56:10,no,2024-01-29,surge_20_in_2days,"{'surge_start': '2024-01-29', 'surge_inquiries': 217, 'days_in_surge': 2, 'relaunch': False}",1,2024-05-10,2024-05-25,6,103,,102.0
30747,"SBA Max $5M Pre-Approval | Exploding SaaS Trading Platform | $5.4M REV, $2.7M+ SDE - UP 212%",0,,2023-12-31 14:41:08,,active,961,2024-04-10 21:20:24,2025-07-29 21:58:57,unknown,2024-04-10,surge_20_in_2days,"{'surge_start': '2024-04-10', 'surge_inquiries': 120, 'days_in_surge': 2, 'relaunch': False}",1,2024-05-13,2025-06-04,5,506,,
30805,9 Year Old Amazon FBA Business w/28% Net Margins | Strong Brand | Low Multiple,1,2024-05-06 19:05:27,2024-01-04 16:17:16,53424.0,sold,312,2024-01-17 17:27:22,2024-05-04 15:07:12,no,2024-01-17,surge_20_in_2days,"{'surge_start': '2024-01-17', 'surge_inquiries': 124, 'days_in_surge': 2, 'relaunch': False}",1,2024-04-05,2024-04-05,1,110,31.0,79.0
30856,10-Year-Old FBA Candy Business | 25-35% SDE Margins | Strong Supplier Relationships,1,2024-12-17 19:41:19,2024-01-08 17:25:12,60000.0,sold,380,2024-04-24 13:30:01,2024-12-17 19:34:23,unknown,2024-12-06,first_inquiry,"{'launch_date': '2024-12-06', 'total_inquiries': 4, 'relaunch': True}",2,2024-05-02,2024-12-01,17,11,16.0,
30857,Tennis Training Ecomm Business | Outstanding 59% SDE Margin | 21% YoY Growth,2,2025-03-24 21:59:02,2024-01-08 17:31:36,,lost,485,2024-11-12 20:13:25,2025-03-18 20:51:16,no,2024-11-12,surge_20_in_2days,"{'surge_start': '2024-11-12', 'surge_inquiries': 147, 'days_in_surge': 2, 'relaunch': False}",1,,,0,132,,
30874,6-Year-Old Anime Drop-Ship Business | $61K SDE | Low Workload,1,2025-04-02 13:32:19,2024-01-09 06:44:36,22795.0,sold,277,2024-02-21 22:01:56,2025-03-24 23:11:52,no,2024-02-25,surge_20_in_2days,"{'surge_start': '2024-02-25', 'surge_inquiries': 30, 'days_in_surge': 2, 'relaunch': False}",1,2025-01-24,2025-01-24,2,402,68.0,334.0
30905,"Pet Products Business - 6.5M Social Followers, Strong Organic Rank, 800k Email Subs, Recurring Rev.",1,2024-06-24 16:45:24,2024-01-11 19:47:25,100000.0,sold,673,2024-02-26 16:26:49,2024-06-20 16:00:21,no,2024-02-26,surge_20_in_2days,"{'surge_start': '2024-02-26', 'surge_inquiries': 179, 'days_in_surge': 2, 'relaunch': False}",1,2024-05-01,2024-05-01,2,119,54.0,65.0
30994,Amazon Keto Snacks | Passive $8K Subscription Revenue | Marketing Needed | US Manufacturing,1,2025-06-15 13:47:02,2024-01-16 22:03:04,10000.0,sold,541,2024-04-18 01:09:42,2025-06-13 00:09:15,no,2025-02-27,surge_20_in_2days,"{'surge_start': '2025-02-27', 'surge_inquiries': 93, 'days_in_surge': 2, 'relaunch': True}",2,2025-04-11,2025-06-15,18,108,0.0,43.0
31237,Bonjoro,0,,2024-01-29 19:06:30,,active,379,2024-05-16 09:18:21,2025-04-02 22:18:39,no,2024-05-16,surge_20_in_2days,"{'surge_start': '2024-05-16', 'surge_inquiries': 36, 'days_in_surge': 2, 'relaunch': False}",1,2024-05-31,2025-03-06,11,470,,
31468,SBA Pre-Qualified 22-Year-Old Education Publisher Selling Bilingual Materials w/High Margins,0,,2024-02-12 16:15:04,,active,505,2024-03-28 20:51:49,2025-03-04 22:13:18,yes,2025-03-03,single_day_5plus,"{'launch_date': '2025-03-03', 'first_day_inquiries': 5, 'relaunch': True}",2,,,0,179,,
31683,"Faith-Tech SaaS | 35,000 Development Hours | No Marketing Spend | Up to 80% Seller Financing",0,,2024-02-27 04:40:22,,active,369,2024-08-26 15:28:02,2025-06-04 15:38:39,no,2024-08-26,surge_20_in_2days,"{'surge_start': '2024-08-26', 'surge_inquiries': 111, 'days_in_surge': 2, 'relaunch': False}",1,2024-08-27,2024-08-27,1,368,,
31903,Seller Financing Available | Shopify Travel and Outdoor Brand | No Amazon Presence | 75% Gr Margins,1,2024-05-25 18:15:02,2024-03-12 04:37:08,10000.0,sold,574,2024-03-19 21:53:34,2024-05-25 16:40:15,no,2024-03-19,surge_20_in_2days,"{'surge_start': '2024-03-19', 'surge_inquiries': 113, 'days_in_surge': 2, 'relaunch': False}",1,2024-05-02,2024-05-26,17,67,,44.0
32079,"14+ Year Old Food Blog With 1,800+ Posts And Multiple Growth Opportunities",1,2024-12-09 19:22:24,2024-03-25 16:42:17,39750.0,sold,451,2024-05-30 00:33:41,2024-12-06 18:10:01,no,2024-06-01,surge_20_in_2days,"{'surge_start': '2024-06-01', 'surge_inquiries': 80, 'days_in_surge': 2, 'relaunch': False}",1,2024-08-06,2024-11-15,7,191,24.0,66.0
32257,"Category-Leading Patented Vegan FBA Brand | 30% SDE Margin | 60% YoY Growth | 12,000+ Reviews",1,2024-12-09 06:08:07,2024-04-09 15:27:04,77000.0,sold,350,2024-05-10 21:06:04,2024-12-02 23:52:38,no,2024-05-14,surge_20_in_2days,"{'surge_start': '2024-05-14', 'surge_inquiries': 65, 'days_in_surge': 2, 'relaunch': False}",1,2024-09-06,2024-10-18,4,209,52.0,115.0
32328,9-Year-Old Amazon FBA Flag Business | 33% YoY SDE Growth | Low Workload,1,2025-04-29 18:58:23,2024-04-14 22:25:03,40515.0,sold,576,2024-09-21 06:28:48,2025-04-28 19:46:49,no,2024-09-23,surge_20_in_2days,"{'surge_start': '2024-09-23', 'surge_inquiries': 88, 'days_in_surge': 2, 'relaunch': False}",1,2025-02-24,2025-02-24,2,218,64.0,154.0
32380,"Leading Window Shade Company | 30 Years Old | Household Brand with 21,000+ Retail Locations",0,,2024-04-17 22:26:12,,active,434,2024-08-02 13:17:41,2025-01-23 01:12:11,yes,2024-09-03,surge_20_in_2days,"{'surge_start': '2024-09-03', 'surge_inquiries': 77, 'days_in_surge': 2, 'relaunch': False}",1,,,0,360,,
32616,SBA & Conv. PQ - $8M | 17-Yr-Old Multi-Channel Consumer Tech | YoY 24% Rev & 22% SDE Growth | 3.4x,0,,2024-05-06 20:12:03,,active,564,2024-08-06 02:54:11,2025-08-29 01:48:40,yes,2024-08-06,surge_20_in_2days,"{'surge_start': '2024-08-06', 'surge_inquiries': 26, 'days_in_surge': 2, 'relaunch': False}",1,2024-09-04,2025-07-23,8,388,,
32681,Premium Home Category Biz with $12.3M in Revenue Selling for Inventory value + Goodwill,0,,2024-05-12 16:18:03,,active,419,2024-05-17 18:11:26,2024-09-24 15:26:18,no,2024-05-21,surge_20_in_2days,"{'surge_start': '2024-05-21', 'surge_inquiries': 111, 'days_in_surge': 2, 'relaunch': False}",1,,,0,465,,
32788,10-Year-Old UX Research SaaS | $263K ARR | $156K ARR In Pipeline | $724 ARPU | $11K LTV,0,,2024-05-21 22:29:03,,active,578,2024-10-02 17:11:07,2025-08-26 09:20:59,unknown,2024-10-02,surge_20_in_2days,"{'surge_start': '2024-10-02', 'surge_inquiries': 93, 'days_in_surge': 2, 'relaunch': False}",1,2024-10-23,2025-08-07,21,331,,
32811,5-Year-Old SaaS Business | WordPress and Shopify | Low Owner Workload,1,2025-01-07 23:07:18,2024-05-23 18:46:39,210160.0,sold,360,2024-06-26 21:04:09,2025-01-07 19:38:28,yes,2024-06-30,surge_20_in_2days,"{'surge_start': '2024-06-30', 'surge_inquiries': 116, 'days_in_surge': 2, 'relaunch': False}",1,2024-08-07,2024-08-08,3,191,152.0,38.0
32968,4-Year-Old Online Course and Coaching Biz | Low Workload | Multiple Growth Ops,2,2025-01-02 18:49:11,2024-06-06 13:14:03,,lost,323,2024-10-09 12:51:28,2024-12-31 04:18:43,no,2024-10-09,surge_20_in_2days,"{'surge_start': '2024-10-09', 'surge_inquiries': 91, 'days_in_surge': 2, 'relaunch': False}",1,,,0,85,,
32980,SBA Pre-Qualified | 8-Year-Old Agency | 46.9% YoY SDE Growth | Strong Recurring Revenue,0,,2024-06-07 13:52:25,,active,629,2025-02-04 15:26:23,2025-08-29 19:54:53,yes,2025-02-04,surge_20_in_2days,"{'surge_start': '2025-02-04', 'surge_inquiries': 85, 'days_in_surge': 2, 'relaunch': False}",1,,,0,206,,
33332,Fast Growing Amazon FBM | Used Cameras & Electronics | 300% YoY Growth | Low Overhead,0,,2024-07-15 13:29:02,,active,350,2024-09-19 14:04:25,2025-08-28 12:30:20,no,2024-09-19,surge_20_in_2days,"{'surge_start': '2024-09-19', 'surge_inquiries': 53, 'days_in_surge': 2, 'relaunch': False}",1,2024-09-21,2025-08-07,17,344,,
33344,Distressed Supplement Brand | 87% Gross Margin | 25% Repeat Order Rate | Untapped Growth Potential,1,2024-12-19 16:39:03,2024-07-16 12:17:51,10000.0,sold,369,2024-09-25 17:24:53,2024-12-17 18:55:08,unknown,2024-09-25,surge_20_in_2days,"{'surge_start': '2024-09-25', 'surge_inquiries': 163, 'days_in_surge': 2, 'relaunch': False}",1,2024-10-09,2024-12-04,12,85,15.0,14.0
33537,Cash-Strapped Health Food CPG Brand with Costco PO in Need of Buyer with Capital,1,2024-12-04 03:37:02,2024-08-07 19:26:57,50000.0,sold,422,2024-09-17 15:55:10,2024-12-03 23:57:15,no,2024-09-17,surge_20_in_2days,"{'surge_start': '2024-09-17', 'surge_inquiries': 343, 'days_in_surge': 2, 'relaunch': False}",1,2024-09-27,2024-12-03,14,78,1.0,10.0
33550,"Largest Newsletter for AI Researchers, Developers, and Industry Leaders with $80k Monthly Ad Revenue",0,,2024-08-09 04:30:41,,active,351,2024-11-06 18:26:18,2025-04-02 08:09:11,unknown,2024-11-06,surge_20_in_2days,"{'surge_start': '2024-11-06', 'surge_inquiries': 95, 'days_in_surge': 2, 'relaunch': False}",1,,,0,296,,
33589,7 Year Old Amazon FBA Business Selling Lawn Tools w/37% Net Margins & Steady 3 Year Growth,1,2025-02-26 23:09:41,2024-08-13 21:11:03,175108.0,sold,607,2024-08-30 22:50:46,2025-02-21 06:25:50,yes,2024-09-02,surge_20_in_2days,"{'surge_start': '2024-09-02', 'surge_inquiries': 20, 'days_in_surge': 2, 'relaunch': False}",1,2024-10-09,2025-01-29,2,177,28.0,37.0
33775,SBA Pre-Qual | 35-Year-Old B2B Industrial Equipment Distributor | 80% Repeat Customers | ~$2K AOV,0,,2024-09-03 22:31:35,,active,959,2025-02-19 19:23:05,2025-08-29 19:58:45,yes,2025-02-20,surge_20_in_2days,"{'surge_start': '2025-02-20', 'surge_inquiries': 24, 'days_in_surge': 2, 'relaunch': False}",1,2025-02-25,2025-08-21,24,190,,
33807,"Fast Growing Health Supplement Amazon FBA Business w/ 15,000+ Subscriptions & 32% Net Margins",0,,2024-09-06 22:49:40,,active,390,2024-10-21 02:50:34,2025-08-28 17:41:24,no,2024-10-22,surge_20_in_2days,"{'surge_start': '2024-10-22', 'surge_inquiries': 66, 'days_in_surge': 2, 'relaunch': False}",1,2024-10-24,2024-10-24,1,311,,
33900,12 Year Old Social Media Management Subscription Business | Loyal Customers | Transferable Team,1,2025-06-18 18:26:41,2024-09-18 14:58:08,60000.0,sold,492,2024-10-02 15:41:12,2025-06-04 17:55:31,no,2024-10-07,surge_20_in_2days,"{'surge_start': '2024-10-07', 'surge_inquiries': 62, 'days_in_surge': 2, 'relaunch': False}",1,2025-03-25,2025-05-19,2,254,30.0,169.0
33925,Amazon FBA Garden Business | 36% Revenue Growth | Multiple Expansion Opportunities,0,,2024-09-19 17:10:28,,active,372,2024-12-04 18:31:45,2025-08-29 05:41:22,no,2025-08-20,surge_20_in_2days,"{'surge_start': '2025-08-20', 'surge_inquiries': 52, 'days_in_surge': 2, 'relaunch': True}",2,2025-08-25,2025-08-25,1,9,,
34050,Thriving Women’s Health Supplement Business | $5.7M SDE | 300%+ Growth | Owners Capping Growth,0,,2024-10-01 05:13:25,,active,316,2024-10-08 22:35:23,2025-07-24 14:19:39,no,2025-04-26,first_inquiry,"{'launch_date': '2025-04-26', 'total_inquiries': 35, 'relaunch': True}",2,,,0,125,,
34068,Quick Sale Opportunity 7 Year Old Tag Installer Software for Shopify Merchants | Extremely Passive,1,2025-04-11 12:53:39,2024-10-02 19:12:04,20000.0,sold,315,2024-11-18 16:18:33,2025-04-08 16:38:52,no,2024-11-18,surge_20_in_2days,"{'surge_start': '2024-11-18', 'surge_inquiries': 58, 'days_in_surge': 2, 'relaunch': False}",1,2025-03-21,2025-04-07,2,144,4.0,123.0
34076,Elite App & AI Development Firm - 15 Years Old | Fortune 500 Clients | $463K SDE | Passive Ownership,1,2025-05-21 22:29:43,2024-10-03 15:05:46,98500.0,sold,342,2024-10-23 04:47:15,2025-05-18 02:51:47,no,2025-03-03,surge_20_in_2days,"{'surge_start': '2025-03-03', 'surge_inquiries': 148, 'days_in_surge': 2, 'relaunch': True}",2,2025-03-04,2025-03-10,5,79,72.0,1.0
34136,Growing Tech-Enabled Grant Management Service | $20K per Client | Massive US Expansion Opportunities,1,2025-06-06 17:03:02,2024-10-08 16:10:04,26000.0,sold,288,2024-12-04 20:08:38,2025-06-04 18:00:48,no,2024-12-08,surge_20_in_2days,"{'surge_start': '2024-12-08', 'surge_inquiries': 87, 'days_in_surge': 2, 'relaunch': False}",1,2025-02-11,2025-05-01,7,180,36.0,65.0
34279,Growing FDA Compliance Digital Service Business | 50%+ Recurring Revenue | 70%+ Profit Margin,0,,2024-10-20 15:30:03,,active,679,2025-05-27 11:07:49,2025-08-28 18:36:25,no,2025-05-27,surge_20_in_2days,"{'surge_start': '2025-05-27', 'surge_inquiries': 275, 'days_in_surge': 2, 'relaunch': False}",1,,,0,94,,
34288,Growing Amazon Luxury Travel Bags Brand | Low Workload | 1.7x Multiple | Motivated to Sell,1,2025-01-08 04:39:02,2024-10-21 17:27:41,24000.0,sold,320,2024-11-23 17:07:22,2025-01-07 21:20:33,no,2024-11-24,surge_20_in_2days,"{'surge_start': '2024-11-24', 'surge_inquiries': 64, 'days_in_surge': 2, 'relaunch': False}",1,2024-12-13,2025-03-27,8,45,,19.0
34289,Amazon FBA Kitchen Brand | 80% Gross Margins | 1.99x Multiple | Cash Buyers Only,1,2025-02-13 00:18:02,2024-10-21 17:28:40,62000.0,sold,562,2024-11-23 17:08:38,2025-02-11 00:35:55,no,2024-11-24,surge_20_in_2days,"{'surge_start': '2024-11-24', 'surge_inquiries': 136, 'days_in_surge': 2, 'relaunch': False}",1,2025-01-05,2025-02-13,23,81,0.0,42.0
34290,14 Year Old Dental SaaS Business | <1% Monthly Churn | $2000+ LTV | 13% YoY Growth,0,,2024-10-21 22:02:04,,active,819,2025-01-16 15:22:45,2025-08-24 02:37:18,no,2025-01-16,surge_20_in_2days,"{'surge_start': '2025-01-16', 'surge_inquiries': 222, 'days_in_surge': 2, 'relaunch': False}",1,,,0,225,,
34298,Electrolyte Brand | US-Based Manufacturing | 65% YoY Growth | 20k Subs | $17.4M Revenue | $2.56M SDE,0,,2024-10-22 18:04:03,,active,496,2025-06-26 08:05:44,2025-08-29 16:53:47,unknown,2025-06-26,surge_20_in_2days,"{'surge_start': '2025-06-26', 'surge_inquiries': 180, 'days_in_surge': 2, 'relaunch': False}",1,2025-06-27,2025-08-30,15,64,,
34412,Established Virtual Assistant Agency | $9.5K Avg. Recurring Monthly Profit | Low Workload,2,2025-07-16 17:21:02,2024-11-05 20:57:25,,lost,419,2025-04-25 16:19:52,2025-07-16 16:28:41,no,2025-04-28,surge_20_in_2days,"{'surge_start': '2025-04-28', 'surge_inquiries': 20, 'days_in_surge': 2, 'relaunch': False}",1,,,0,79,,
34777,Patented Trailer Hitch Brand | $1.5M Revenue | Minimal Ad Spend | TikTok Goldmine 115+ Creators,0,,2024-12-12 19:38:30,,active,455,2025-01-23 14:29:37,2025-08-28 17:32:28,unknown,2025-08-04,surge_20_in_2days,"{'surge_start': '2025-08-04', 'surge_inquiries': 121, 'days_in_surge': 2, 'relaunch': True}",2,2025-08-28,2025-08-28,1,25,,
34804,Financing Available | Growing Shopify Personalized Gifts Business | No Inventory | 45% Net Margins,0,,2024-12-16 17:50:04,,active,854,2025-01-15 14:08:41,2025-06-03 08:39:35,yes,2025-01-15,surge_20_in_2days,"{'surge_start': '2025-01-15', 'surge_inquiries': 532, 'days_in_surge': 2, 'relaunch': False}",1,,,0,226,,
34887,Premium Wristwatch Ecomm Business | 67% Net Profit Margins | Low Workload | High-Profile Collabs,0,,2024-12-25 18:25:03,,active,403,2025-04-12 23:53:31,2025-08-29 18:02:43,no,2025-04-13,surge_20_in_2days,"{'surge_start': '2025-04-13', 'surge_inquiries': 144, 'days_in_surge': 2, 'relaunch': False}",1,,,0,138,,
35095,36-Year-Old Supplement and Cream Business | US Supply Chain | 44% Return Customer Rate,1,2025-07-02 02:59:02,2025-01-16 20:19:03,18975.0,sold,289,2025-04-11 22:38:33,2025-06-30 14:08:51,no,2025-04-14,surge_20_in_2days,"{'surge_start': '2025-04-14', 'surge_inquiries': 97, 'days_in_surge': 2, 'relaunch': False}",1,2025-04-18,2025-06-17,18,79,15.0,4.0
35273,SBA Pre-Qualified: 12-Year-Old SaaS Payment Platform | $186K MRR | Owner Works Minimal Hours,0,,2025-02-04 16:12:57,,active,920,2025-03-08 18:52:16,2025-08-29 18:18:51,yes,2025-03-09,surge_20_in_2days,"{'surge_start': '2025-03-09', 'surge_inquiries': 208, 'days_in_surge': 2, 'relaunch': False}",1,2025-03-11,2025-08-29,49,173,,
35547,"8 Yr Old Category-Leading Sleepwear & Socks FBA Business | $8M Revenue | 40,000+ Reviews | 2x Growth",0,,2025-03-03 11:22:50,,active,381,2025-04-29 15:27:43,2025-08-22 03:43:54,no,2025-04-30,surge_20_in_2days,"{'surge_start': '2025-04-30', 'surge_inquiries': 100, 'days_in_surge': 2, 'relaunch': False}",1,2025-07-16,2025-07-16,1,121,,
35653,SBA Pre-Qualified: 14-Year-Old Food Content Authority | Exclusive MSN Partnership | 81% Growth,0,,2025-03-11 01:14:03,,active,363,2025-04-10 23:28:41,2025-08-21 13:32:13,yes,2025-04-10,surge_20_in_2days,"{'surge_start': '2025-04-10', 'surge_inquiries': 63, 'days_in_surge': 2, 'relaunch': False}",1,,,0,141,,
35697,Stable Amazon FBA Business in Seniors Niche | 85% Gross Profit Margin | Simple Operations,0,,2025-03-14 03:20:06,,active,479,2025-04-09 16:31:16,2025-08-22 20:24:18,no,2025-04-09,surge_20_in_2days,"{'surge_start': '2025-04-09', 'surge_inquiries': 157, 'days_in_surge': 2, 'relaunch': False}",1,2025-04-15,2025-05-01,2,142,,
35725,Blue Collar Print On Demand Business | Predictable 50-100% Growth Opportunity | USA Supply Chain,0,,2025-03-17 19:20:39,,active,351,2025-05-07 22:45:25,2025-06-15 22:28:19,no,2025-05-07,surge_20_in_2days,"{'surge_start': '2025-05-07', 'surge_inquiries': 162, 'days_in_surge': 2, 'relaunch': False}",1,,,0,114,,
35777,SBA PQ | Curated Side Job Content Biz w/50% Adsense Earnings | Large Email List | 20 Year History,0,,2025-03-20 19:29:03,,active,398,2025-04-30 19:20:00,2025-08-29 19:30:30,yes,2025-05-01,surge_20_in_2days,"{'surge_start': '2025-05-01', 'surge_inquiries': 22, 'days_in_surge': 2, 'relaunch': False}",1,,,0,120,,
35855,30-Year-Old Directory Website | Recurring Revenue | Premium Domain Name | Low Workload,1,2025-05-17 00:16:05,2025-03-25 22:38:02,57500.0,sold,418,2025-04-10 22:07:38,2025-05-16 17:18:48,no,2025-04-13,surge_20_in_2days,"{'surge_start': '2025-04-13', 'surge_inquiries': 220, 'days_in_surge': 2, 'relaunch': False}",1,2025-04-24,2025-04-25,3,34,22.0,11.0
36060,Growing Shopify Health and Wellness Coffee Alternative Consumable CPG Brand | $77 AOV | $20K+ MRR,0,,2025-04-10 04:11:03,,active,342,2025-06-05 00:25:28,2025-08-28 01:48:49,unknown,2025-06-05,surge_20_in_2days,"{'surge_start': '2025-06-05', 'surge_inquiries': 149, 'days_in_surge': 2, 'relaunch': False}",1,,,0,85,,
36257,18-Year-Old Established Custom Greeting Card Business | 60% Repeat Customer Rate | $525 AOV,0,,2025-05-01 20:32:48,,active,317,2025-06-24 01:48:26,2025-08-28 22:47:55,unknown,2025-06-25,surge_20_in_2days,"{'surge_start': '2025-06-25', 'surge_inquiries': 156, 'days_in_surge': 2, 'relaunch': False}",1,2025-07-07,2025-08-20,8,65,,
36259,7 Year Old Education Tech Company w/32% Net Margins | Full Team | Untapped Marketing Channels,1,2025-07-25 20:40:33,2025-05-01 22:04:03,40000.0,sold,295,2025-05-27 14:12:51,2025-07-20 23:00:43,no,2025-05-28,surge_20_in_2days,"{'surge_start': '2025-05-28', 'surge_inquiries': 125, 'days_in_surge': 2, 'relaunch': False}",1,2025-07-15,2025-07-15,1,58,10.0,48.0
